Player,ID,Team
George Gervin,gervige01,SAS
David Thompson,thompda01,DEN
Bob McAdoo,mcadobo01,NYK
Randy Smith,smithra01,BUF
Paul Westphal,westppa01,PHO
Walter Davis,daviswa03,PHO
Calvin Murphy,murphca01,HOU
Bernard King,kingbe01,NJN
Rick Barry,barryri01,GSW
Artis Gilmore,gilmoar01,CHI
Truck Robinson,robintr01,NOJ
John Williamson,willijo01,2TM
John Williamson,willijo01,IND
John Williamson,willijo01,NJN
Dan Issel,isselda01,DEN
Adrian Dantley,dantlad01,2TM
Adrian Dantley,dantlad01,IND
Adrian Dantley,dantlad01,LAL
Larry Kenon,kenonla01,SAS
John Drew,drewjo01,ATL
Phil Smith,smithph01,GSW
Kareem Abdul-Jabbar,abdulka01,LAL
Elvin Hayes,hayesel01,WSB
Brian Winters,wintebr01,MIL
George McGinnis,mcginge01,PHI
Marques Johnson,johnsma01,MIL
Doug Collins,collido01,PHI
Bob Lanier,laniebo01,DET
Julius Erving,ervinju01,PHI
Mickey Johnson,johnsmi01,CHI
Bob Dandridge,dandrbo01,WSB
Ron Boone,boonero01,KCK
Ricky Sobers,soberri01,IND
Dave Cowens,cowenda01,BOS
Scott Wedman,wedmasc01,KCK
Gus Williams,willigu01,SEA
Eric Money,moneyer01,DET
Campy Russell,russeca02,CLE
Wilbur Holland,hollawi01,CHI
Earl Monroe,monroea01,NYK
Pete Maravich,maravpe01,NOJ
John Havlicek,havlijo01,BOS
Gail Goodrich,goodrga01,NOJ
Lionel Hollins,hollili01,POR
Billy Paultz,paultbi01,SAS
James Edwards,edwarja01,2TM
James Edwards,edwarja01,LAL
James Edwards,edwarja01,IND
Mike Bantom,bantomi01,IND
Kevin Grevey,greveke01,WSB
Kevin Porter,porteke01,2TM
Kevin Porter,porteke01,DET
Kevin Porter,porteke01,NJN
Jim Chones,choneji01,CLE
Lonnie Shelton,sheltlo01,NYK
Billy Knight,knighbi01,BUF
Swen Nater,natersw01,BUF
Fred Brown,brownfr01,SEA
World B. Free,freewo01,PHI
John Shumate,shumajo01,2TM
John Shumate,shumajo01,BUF
John Shumate,shumajo01,DET
Dave Meyers,meyerda01,MIL
Earl Tatum,tatumea01,2TM
Earl Tatum,tatumea01,LAL
Earl Tatum,tatumea01,IND
Otis Birdsong,birdsot01,KCK
Moses Malone,malonmo01,HOU
Marvin Webster,webstma01,SEA
Lou Hudson,hudsolo01,LAL
Junior Bridgeman,bridgju01,MIL
Maurice Lucas,lucasma01,POR
Norm Nixon,nixonno01,LAL
Bill Walton,waltobi01,POR
Dave Bing,bingda01,BOS
Bobby Jones,jonesbo01,DEN
Sidney Wicks,wickssi01,BOS
Alvan Adams,adamsal01,PHO
Mitch Kupchak,kupchmi01,WSB
Charlie Scott,scottch01,2TM
Charlie Scott,scottch01,BOS
Charlie Scott,scottch01,LAL
Dan Roundfield,roundda01,IND
Dennis Johnson,johnsde01,SEA
Robert Parish,parisro01,GSW
John Lucas,lucasjo01,HOU
Austin Carr,carrau01,CLE
Elmore Smith,smithel01,CLE
Ron Lee,leero01,PHO
Richard Washington,washiri01,KCK
M.L. Carr,carrml01,DET
Aaron James,jamesaa01,NOJ
Steve Hawes,hawesst01,ATL
Sonny Parker,parkeso01,GSW
Bob Wilkerson,wilkebo01,DEN
Lucius Allen,allenlu01,KCK
Spencer Haywood,haywosp01,NYK
Bob Gross,grossbo01,POR
Jack Sikma,sikmaja01,SEA
Charlie Criss,crissch01,ATL
Johnny Davis,davisjo01,POR
Dwight Jones,jonesdw01,HOU
Ron Behagen,behagro01,3TM
Ron Behagen,behagro01,ATL
Ron Behagen,behagro01,HOU
Ron Behagen,behagro01,IND
Leon Douglas,douglle01,DET
Chris Ford,fordch01,DET
Tom Henderson,hendeto01,WSB
Darnell Hillman,hillmda01,2TM
Darnell Hillman,hillmda01,NJN
Darnell Hillman,hillmda01,DEN
Bingo Smith,smithbi02,CLE
John Mengelt,mengejo01,CHI
Rich Kelley,kelleri01,NOJ
Tom Owens,owensto01,POR
Kevin Kunnert,kunneke01,HOU
Eddie Johnson,johnsed02,ATL
Walt Frazier,fraziwa01,CLE
Darryl Dawkins,dawkida01,PHI
John Johnson,johnsjo01,2TM
John Johnson,johnsjo01,HOU
John Johnson,johnsjo01,SEA
Bill Robinzine,robinbi01,KCK
Armond Hill,hillar01,ATL
Alex English,englial01,MIL
Anthony Roberts,roberan01,DEN
Quinn Buckner,bucknqu01,MIL
Steve Mix,mixst01,PHI
Ray Williams,willira01,NYK
Louie Dampier,dampilo01,SAS
Butch Beard,beardbu01,NYK
Henry Bibby,bibbyhe01,PHI
Howard Porter,porteho01,2TM
Howard Porter,porteho01,DET
Howard Porter,porteho01,NJN
Scott May,maysc01,CHI
Foots Walker,walkefo01,CLE
Nate Williams,willina01,2TM
Nate Williams,willina01,NOJ
Nate Williams,willina01,GSW
Jim Price,priceji01,2TM
Jim Price,priceji01,DEN
Jim Price,priceji01,DET
George Johnson,johnsge02,NJN
Jim McElroy,mcelrji01,NOJ
Ollie Johnson,johnsol01,ATL
John Gianelli,gianejo01,MIL
Clifford Ray,raycl01,GSW
Jim McMillian,mcmilji01,NYK
Don Buse,busedo01,PHO
Marvin Barnes,barnema01,2TM
Marvin Barnes,barnema01,DET
Marvin Barnes,barnema01,BUF
Jo Jo White,whitejo01,BOS
Tom McMillen,mcmilto01,ATL
Lloyd Neal,nealll01,POR
Dave Twardzik,twardda01,POR
Allan Bristow,bristal01,SAS
Sam Lacey,laceysa01,KCK
Kermit Washington,washike01,2TM
Kermit Washington,washike01,LAL
Kermit Washington,washike01,BOS
Jamaal Wilkes,wilkeja01,LAL
Tom Burleson,burleto01,KCK
Mark Olberding,olberma01,SAS
Larry Wright,wrighla01,WSB
Mike Gale,galemi01,SAS
Bob Carrington,carribo01,2TM
Bob Carrington,carribo01,NJN
Bob Carrington,carribo01,IND
Gar Heard,heardga01,PHO
Don Ford,forddo01,LAL
Tree Rollins,rollitr01,ATL
Wes Unseld,unselwe01,WSB
Al Skinner,skinnal01,2TM
Al Skinner,skinnal01,NJN
Al Skinner,skinnal01,DET
Coby Dietrick,dietrco01,SAS
Robert Reid,reidro01,HOU
Mike Newlin,newlimi01,HOU
Mike Green,greenmi01,2TM
Mike Green,greenmi01,SEA
Mike Green,greenmi01,SAS
Norm Van Lier,vanlino01,CHI
Bruce Seals,sealsbr01,SEA
Eddie Jordan,jordaed01,2TM
Eddie Jordan,jordaed01,CLE
Eddie Jordan,jordaed01,NJN
John Brown,brownjo01,ATL
Wil Jones,joneswi02,BUF
Kent Benson,bensoke01,MIL
Chuck Williams,willich02,BUF
Slick Watts,wattssl01,2TM
Slick Watts,wattssl01,SEA
Slick Watts,wattssl01,NOJ
Cedric Maxwell,maxwece01,BOS
Charles Johnson,johnsch01,2TM
Charles Johnson,johnsch01,GSW
Charles Johnson,johnsch01,WSB
Larry Steele,steella01,POR
Ralph Simpson,simpsra01,2TM
Ralph Simpson,simpsra01,DET
Ralph Simpson,simpsra01,DEN
Jim Cleamons,cleamji01,NYK
Phil Chenier,cheniph01,WSB
Toby Knight,knighto01,NYK
Ernie Grunfeld,grunfer01,MIL
Bird Averitt,averibi01,2TM
Bird Averitt,averibi01,NJN
Bird Averitt,averibi01,BUF
Rudy Tomjanovich,tomjaru01,HOU
Tom Abernethy,abernto01,LAL
Alvin Scott,scottal01,PHO
Joe Bryant,bryanjo01,PHI
Wally Walker,walkewa01,2TM
Wally Walker,walkewa01,POR
Wally Walker,walkewa01,SEA
Paul Silas,silaspa01,SEA
Joe Meriweather,meriwjo01,NOJ
Terry Furlow,furlote01,CLE
Larry McNeill,mcneila01,2TM
Larry McNeill,mcneila01,GSW
Larry McNeill,mcneila01,BUF
Mack Calvin,calvima01,DEN
Kevin Stacom,stacoke01,BOS
E.C. Coleman,colemec01,GSW
Tom Boswell,bosweto01,BOS
Dave Robisch,robisda01,2TM
Dave Robisch,robisda01,IND
Dave Robisch,robisda01,LAL
Brian Taylor,taylobr01,DEN
Mike Glenn,glennmi01,BUF
Caldwell Jones,jonesca01,PHI
Paul Griffin,griffpa01,NOJ
Corky Calhoun,calhoco01,POR
Gus Gerard,gerargu01,2TM
Gus Gerard,gerargu01,BUF
Gus Gerard,gerargu01,DET
Jim Brewer,breweji01,CLE
Charles Dudley,dudlech01,GSW
John Kuester,kuestjo01,KCK
Bill Willoughby,willobi01,BUF
Mike Bratz,bratzmi01,PHO
Tony Robertson,roberto01,ATL
Greg Ballard,ballagr01,WSB
Len Elmore,elmorle01,IND
Bob Nash,nashbo01,KCK
Lloyd Walton,waltoll01,MIL
Tim Bassett,basseti01,NJN
Glen Gondrezick,gondrgl01,NYK
Mark Landsberger,landsma01,CHI
Rickey Green,greenri01,GSW
Bo Ellis,ellisbo02,DEN
Kenny Carr,carrke01,LAL
Cazzie Russell,russeca01,CHI
Curtis Rowe,rowecu01,BOS
John Lambert,lambejo01,CLE
Tom LaGarde,lagarto01,DEN
Alonzo Bradley,bradlal01,HOU
Ted McClain,mcclate01,2TM
Ted McClain,mcclate01,BUF
Ted McClain,mcclate01,PHI
Jan van Breda Kolff,vanbrja01,NJN
Ed Ratleff,ratleed01,HOU
Mike Flynn,flynnmi01,IND
Dennis Awtrey,awtrede01,PHO
Tate Armstrong,armstta01,CHI
Dick Snyder,snydedi01,CLE
Steve Sheppard,sheppst01,CHI
Bayard Forrest,forreba01,PHO
Curtis Perry,perrycu01,PHO
Ricky Marsh,marshri01,GSW
Don Chaney,chanedo01,2TM
Don Chaney,chanedo01,LAL
Don Chaney,chanedo01,BOS
T.R. Dunn,dunntr01,POR
Jim McDaniels,mcdanji01,BUF
Ben Poquette,poquebe01,DET
Wilson Washington,washiwi01,2TM
Wilson Washington,washiwi01,PHI
Wilson Washington,washiwi01,NJN
Louie Nelson,nelsolo01,2TM
Louie Nelson,nelsolo01,KCK
Louie Nelson,nelsolo01,NJN
Fred Saunders,saundfr01,2TM
Fred Saunders,saundfr01,BOS
Fred Saunders,saundfr01,NOJ
Nick Weatherspoon,weathni01,CHI
Scott Lloyd,lloydsc01,2TM
Scott Lloyd,lloydsc01,MIL
Scott Lloyd,lloydsc01,BUF
Derrek Dickey,dickede01,2TM
Derrek Dickey,dickede01,GSW
Derrek Dickey,dickede01,CHI
Ernie DiGregorio,digreer01,2TM
Ernie DiGregorio,digreer01,LAL
Ernie DiGregorio,digreer01,BOS
Willie Norwood,norwowi01,2TM
Willie Norwood,norwowi01,DET
Willie Norwood,norwowi01,POR
Wesley Cox,coxwe01,GSW
C.J. Kupec,kupeccj01,HOU
Joe Hassett,hassejo01,SEA
Joe Pace,pacejo01,WSB
Ken Charles,charlke01,ATL
Al Eberhard,eberhal01,DET
Mo Layton,laytomo01,SAS
Phil Walker,walkeph01,WSB
Harvey Catchings,catchha01,PHI
Bubbles Hawkins,hawkiro01,NJN
Gus Bailey,bailegu01,NOJ
Phil Jackson,jacksph01,NYK
Kevin Restani,restake01,2TM
Kevin Restani,restake01,MIL
Kevin Restani,restake01,KCK
Steve Green,greenst01,IND
James Silas,silasja01,SAS
Greg Griffin,griffgr01,PHO
Jim Eakins,eakinji01,2TM
Jim Eakins,eakinji01,SAS
Jim Eakins,eakinji01,MIL
Kim Hughes,hugheki01,NJN
Robert Smith,smithro01,DEN
Freddie Boyd,boydfr01,NOJ
Cliff Pondexter,pondecl01,CHI
Mark Crow,crowma01,NJN
Johnny Neumann,neumajo01,IND
Brad Davis,davisbr01,LAL
Rudy White,whiteru01,HOU
Mel Bennett,benneme01,IND
Zaid Abdul-Aziz,abdulza01,2TM
Zaid Abdul-Aziz,abdulza01,BOS
Zaid Abdul-Aziz,abdulza01,HOU
Claude Terry,terrycl01,ATL
Tom Boerwinkle,boerwto01,CHI
Gary Brokaw,brokaga01,BUF
Mike Dunleavy,dunlemi01,2TM
Mike Dunleavy,dunlemi01,PHI
Mike Dunleavy,dunlemi01,HOU
Al Fleming,flemial01,SEA
Dave Wohl,wohlda01,NJN
Jacky Dorsey,dorseja01,2TM
Jacky Dorsey,dorseja01,DEN
Jacky Dorsey,dorseja01,POR
Scott Sims,simssc01,SAS
Bobby Wilson,wilsobo03,IND
Jim Bostic,bostiji01,DET
Robin Jones,jonesro01,HOU
Dale Schlueter,schluda01,POR
Rich Laurel,laureri01,MIL
Eddie Owens,owensed01,BUF
Jim Ard,ardji01,2TM
Jim Ard,ardji01,BOS
Jim Ard,ardji01,CHI
Larry Moffett,moffela01,HOU
Glenn Mosley,moslegl01,PHI
Wayman Britt,brittwa01,DET
Bob Bigelow,bigelbo01,2TM
Bob Bigelow,bigelbo01,KCK
Bob Bigelow,bigelbo01,BOS
Larry Johnson,johnsla01,BUF
George Karl,karlge01,SAS
Phil Bond,bondph01,HOU
Ticky Burden,burdeti01,NYK
Norm Cook,cookno01,DEN
Steve Kuberski,kuberst01,BOS
Willie Wise,wisewi01,SEA
Glenn Hansen,hansegl01,2TM
Glenn Hansen,hansegl01,CHI
Glenn Hansen,hansegl01,KCK
Andre McCarter,mccaran01,KCK
Willie Smith,smithwi02,IND
Dean Tolson,tolsode01,SEA
