Player,ID,Team
George Gervin,gervige01,SAS
Moses Malone,malonmo01,HOU
Julius Erving,ervinju01,PHI
World B. Free,freewo01,SDC
Kareem Abdul-Jabbar,abdulka01,LAL
Dan Issel,isselda01,DEN
Adrian Dantley,dantlad01,UTA
Elvin Hayes,hayesel01,WSB
Otis Birdsong,birdsot01,KCK
Mike Mitchell,mitchmi01,CLE
Gus Williams,willigu01,SEA
Paul Westphal,westppa01,PHO
Bill Cartwright,cartwbi01,NYK
Larry Bird,birdla01,BOS
Ray Williams,willira01,NYK
Marques Johnson,johnsma01,MIL
Reggie Theus,theusre01,CHI
Jamaal Wilkes,wilkeja01,LAL
Mike Newlin,newlimi01,NJN
Walter Davis,daviswa03,PHO
Mickey Johnson,johnsmi01,IND
Larry Kenon,kenonla01,SAS
John Drew,drewjo01,ATL
Calvin Natt,nattca01,2TM
Calvin Natt,nattca01,NJN
Calvin Natt,nattca01,POR
Toby Knight,knighto01,NYK
Dennis Johnson,johnsde01,SEA
Freeman Williams,willifr01,SDC
Calvin Murphy,murphca01,HOU
Eddie Johnson,johnsed02,ATL
Norm Nixon,nixonno01,LAL
Randy Smith,smithra01,CLE
Junior Bridgeman,bridgju01,MIL
Truck Robinson,robintr01,PHO
Magic Johnson,johnsma02,LAL
James Silas,silasja01,SAS
Cedric Maxwell,maxwece01,BOS
John Long,longjo01,DET
Dave Greenwood,greenda01,CHI
Dan Roundfield,roundda01,ATL
Phil Ford,fordph01,KCK
Alex English,englial01,2TM
Alex English,englial01,IND
Alex English,englial01,DEN
Johnny Davis,davisjo01,IND
Brian Winters,wintebr01,MIL
Scott Wedman,wedmasc01,KCK
James Edwards,edwarja01,IND
Ron Brewer,brewero01,POR
Greg Ballard,ballagr01,WSB
Dave Robisch,robisda01,CLE
Micheal Ray Richardson,richami01,NYK
Tom Owens,owensto01,POR
Robert Parish,parisro01,GSW
Bob McAdoo,mcadobo01,DET
Bob Lanier,laniebo01,2TM
Bob Lanier,laniebo01,DET
Bob Lanier,laniebo01,MIL
Sonny Parker,parkeso01,GSW
Darryl Dawkins,dawkida01,PHI
Jack Sikma,sikmaja01,SEA
Ricky Sobers,soberri01,CHI
Tiny Archibald,architi01,BOS
Alvan Adams,adamsal01,PHO
Eddie Jordan,jordaed01,NJN
Swen Nater,natersw01,SDC
Kermit Washington,washike01,POR
George McGinnis,mcginge01,2TM
George McGinnis,mcginge01,DEN
George McGinnis,mcginge01,IND
Purvis Short,shortpu01,GSW
Brian Taylor,taylobr01,SDC
Terry Furlow,furlote01,2TM
Terry Furlow,furlote01,ATL
Terry Furlow,furlote01,UTA
Bobby Jones,jonesbo01,PHI
Lonnie Shelton,sheltlo01,SEA
Bob Wilkerson,wilkebo01,DEN
John Lucas,lucasjo01,GSW
Terry Tyler,tylerte01,DET
Ron Boone,boonero01,2TM
Ron Boone,boonero01,LAL
Ron Boone,boonero01,UTA
Robert Reid,reidro01,HOU
Billy Knight,knighbi01,IND
Fred Brown,brownfr01,SEA
Dave Meyers,meyerda01,MIL
Allan Bristow,bristal01,UTA
Cliff Robinson,robincl01,NJN
Rick Robey,robeyri01,BOS
Dave Cowens,cowenda01,BOS
Steve Mix,mixst01,PHI
John Roche,rochejo01,DEN
Kenny Carr,carrke01,2TM
Kenny Carr,carrke01,LAL
Kenny Carr,carrke01,CLE
Bill Robinzine,robinbi01,KCK
Maurice Lucas,lucasma01,2TM
Maurice Lucas,lucasma01,POR
Maurice Lucas,lucasma01,NJN
John Johnson,johnsjo01,SEA
M.L. Carr,carrml01,BOS
Kevin Grevey,greveke01,WSB
Austin Carr,carrau01,CLE
Mike Bantom,bantomi01,IND
Tom Boswell,bosweto01,2TM
Tom Boswell,bosweto01,DEN
Tom Boswell,bosweto01,UTA
Maurice Cheeks,cheekma01,PHI
Bingo Smith,smithbi02,2TM
Bingo Smith,smithbi02,CLE
Bingo Smith,smithbi02,SDC
Roger Phegley,pheglro01,2TM
Roger Phegley,pheglro01,WSB
Roger Phegley,pheglro01,NJN
Rudy Tomjanovich,tomjaru01,HOU
Kevin Restani,restake01,SAS
Wayne Cooper,coopewa01,GSW
Jim Chones,choneji01,LAL
Rick Barry,barryri01,HOU
Artis Gilmore,gilmoar01,CHI
John Williamson,willijo01,2TM
John Williamson,willijo01,NJN
John Williamson,willijo01,WSB
Allen Leavell,leaveal01,HOU
David Thompson,thompda01,DEN
Chris Ford,fordch01,BOS
Wes Unseld,unselwe01,WSB
Mark Olberding,olberma01,SAS
Phil Smith,smithph01,GSW
Bob Dandridge,dandrbo01,WSB
Jo Jo White,whitejo01,GSW
George Johnson,johnsge03,DEN
Billy Paultz,paultbi01,2TM
Billy Paultz,paultbi01,SAS
Billy Paultz,paultbi01,HOU
Steve Hawes,hawesst01,ATL
Joe Bryant,bryanjo01,SDC
Campy Russell,russeca02,CLE
Sam Lacey,laceysa01,KCK
Henry Bibby,bibbyhe01,PHI
Abdul Jeelani,jeelaab01,POR
Spencer Haywood,haywosp01,LAL
Ben Poquette,poquebe01,UTA
Tree Rollins,rollitr01,ATL
Michael Cooper,coopemi01,LAL
Quinn Buckner,bucknqu01,MIL
Foots Walker,walkefo01,CLE
Greg Kelser,kelsegr01,DET
Rich Kelley,kelleri01,2TM
Rich Kelley,kelleri01,NJN
Rich Kelley,kelleri01,PHO
Mike Bratz,bratzmi01,PHO
Kent Benson,bensoke01,2TM
Kent Benson,bensoke01,MIL
Kent Benson,bensoke01,DET
Dudley Bradley,bradldu01,IND
Reggie King,kingre01,KCK
Scott May,maysc01,CHI
Charlie Criss,crissch01,ATL
Dwight Jones,jonesdw01,2TM
Dwight Jones,jonesdw01,HOU
Dwight Jones,jonesdw01,CHI
Sidney Moncrief,moncrsi01,MIL
Charlie Scott,scottch01,DEN
Eric Money,moneyer01,2TM
Eric Money,moneyer01,PHI
Eric Money,moneyer01,DET
Don Buse,busedo01,PHO
Terry Duerod,duerote01,DET
Mark Landsberger,landsma01,2TM
Mark Landsberger,landsma01,CHI
Mark Landsberger,landsma01,LAL
Ollie Johnson,johnsol01,CHI
Jim McElroy,mcelrji01,2TM
Jim McElroy,mcelrji01,DET
Jim McElroy,mcelrji01,ATL
Pete Maravich,maravpe01,2TM
Pete Maravich,maravpe01,UTA
Pete Maravich,maravpe01,BOS
Caldwell Jones,jonesca01,PHI
Phil Hubbard,hubbaph01,DET
George Johnson,johnsge02,NJN
Joe Meriweather,meriwjo01,NYK
John Shumate,shumajo01,3TM
John Shumate,shumajo01,DET
John Shumate,shumajo01,HOU
John Shumate,shumajo01,SAS
Larry Demic,demicla01,NYK
Leon Douglas,douglle01,DET
Dave Twardzik,twardda01,POR
T.R. Dunn,dunntr01,POR
Jan van Breda Kolff,vanbrja01,NJN
Larry Wright,wrighla01,WSB
Winford Boynes,boynewi01,NJN
Coby Dietrick,dietrco01,CHI
Bob Gross,grossbo01,POR
Bill Willoughby,willobi01,CLE
Lionel Hollins,hollili01,2TM
Lionel Hollins,hollili01,POR
Lionel Hollins,hollili01,PHI
Joe Hassett,hassejo01,IND
Paul Griffin,griffpa01,SAS
Billy McKinney,mckinbi01,KCK
Jim Cleamons,cleamji01,2TM
Jim Cleamons,cleamji01,NYK
Jim Cleamons,cleamji01,WSB
Kevin Porter,porteke01,WSB
Duck Williams,willidu01,UTA
Sidney Wicks,wickssi01,SDC
Doug Collins,collido01,PHI
Clifford Ray,raycl01,GSW
Mike Evans,evansmi01,SAS
Armond Hill,hillar01,ATL
Ernie Grunfeld,grunfer01,KCK
Gerald Henderson,hendege01,BOS
Clemon Johnson,johnscl01,IND
Jack Givens,givenja01,ATL
Pat Cummings,cummipa01,MIL
Tom McMillen,mcmilto01,ATL
Jim Paxson,paxsoji02,POR
Mike Gale,galemi01,SAS
Mike Glenn,glennmi01,NYK
Richard Washington,washiri01,MIL
Major Jones,jonesma01,HOU
Hollis Copeland,copelho01,NYK
James Hardy,hardyja01,UTA
Mike Dunleavy,dunlemi01,HOU
Johnny High,highjo01,PHO
Gar Heard,heardga01,PHO
Raymond Townsend,townsra01,GSW
John Lambert,lambejo01,CLE
Nick Weatherspoon,weathni01,SDC
Glen Gondrezick,gondrgl01,DEN
Gus Gerard,gerargu01,KCK
Tom LaGarde,lagarto01,SEA
Earl Monroe,monroea01,NYK
Tom Henderson,hendeto01,HOU
Tom Abernethy,abernto01,GSW
Jeff Cook,cookje01,PHO
Jeff Judkins,judkije01,BOS
Alvin Scott,scottal01,PHO
Clint Richardson,richacl01,PHI
Gary Garland,garlaga01,DEN
Roy Hamilton,hamilro01,DET
Wally Walker,walkewa01,SEA
Phil Chenier,cheniph01,2TM
Phil Chenier,cheniph01,WSB
Phil Chenier,cheniph01,IND
Robert Smith,smithro01,2TM
Robert Smith,smithro01,UTA
Robert Smith,smithro01,NJN
Paul Dawkins,dawkipa01,UTA
Paul Silas,silaspa01,SEA
James Bailey,baileja01,SEA
Don Ford,forddo01,2TM
Don Ford,forddo01,LAL
Don Ford,forddo01,CLE
Bob Elliott,elliobo01,NJN
Mack Calvin,calvima01,UTA
Willie Smith,smithwi02,CLE
Ron Lee,leero01,2TM
Ron Lee,leero01,ATL
Ron Lee,leero01,DET
Lloyd Walton,waltoll01,MIL
Sly Williams,willisl01,NYK
Len Elmore,elmorle01,KCK
Sam Smith,smithsa02,CHI
Del Beshore,beshode01,CHI
Ollie Mack,mackol01,2TM
Ollie Mack,mackol01,LAL
Ollie Mack,mackol01,CHI
Harvey Catchings,catchha01,MIL
Stan Pietkiewicz,pietkst01,SDC
Dave Corzine,corzida01,WSB
Kim Hughes,hugheki01,DEN
Geoff Huston,hustoge01,NYK
John Mengelt,mengejo01,CHI
Darnell Hillman,hillmda01,GSW
Jim Spanarkel,spanaji01,PHI
Jim Brewer,breweji01,POR
Bill Walton,waltobi01,SDC
Joel Kramer,kramejo01,PHO
Mitch Kupchak,kupchmi01,WSB
Billy Ray Bates,batesbi01,POR
Wiley Peck,peckwi01,SAS
Anthony Roberts,roberan01,DEN
Bernard King,kingbe01,UTA
Eric Fernsten,fernser01,BOS
Don Chaney,chanedo01,BOS
Bo Ellis,ellisbo02,DEN
Mike Green,greenmi01,KCK
Earl Evans,evansea01,DET
Larry Steele,steella01,POR
Marlon Redmond,redmoma01,KCK
Kevin Kunnert,kunneke01,POR
Jerome Whitehead,whiteje01,2TM
Jerome Whitehead,whiteje01,SDC
Jerome Whitehead,whiteje01,UTA
Vinnie Johnson,johnsvi01,SEA
John Brown,brownjo01,2TM
John Brown,brownjo01,UTA
John Brown,brownjo01,ATL
Sam Pellom,pellosa01,ATL
Brad Holland,hollabr01,LAL
Tom Burleson,burleto01,KCK
Marvin Webster,webstma01,NYK
Dennis Awtrey,awtrede01,CHI
Earl Tatum,tatumea01,CLE
Brad Davis,davisbr01,2TM
Brad Davis,davisbr01,IND
Brad Davis,davisbr01,UTA
Irv Kiffin,kiffiir01,SAS
Steve Malovic,malovst01,3TM
Steve Malovic,malovst01,WSB
Steve Malovic,malovst01,SDC
Steve Malovic,malovst01,DET
John Coughran,coughjo01,GSW
Phil Jackson,jacksph01,NJN
Marvin Barnes,barnema01,SDC
Marty Byrnes,byrnema01,LAL
Lawrence Boston,bostola01,WSB
John Gianelli,gianejo01,UTA
Bernard Toone,toonebe01,PHI
Alonzo Bradley,bradlal01,HOU
Ralph Simpson,simpsra01,NJN
Sylvester Norris,norrisy01,SAS
Gus Bailey,bailegu01,WSB
Bob Carrington,carribo01,SDC
Rudy White,whiteru01,HOU
Tim Bassett,basseti01,2TM
Tim Bassett,basseti01,NJN
Tim Bassett,basseti01,SAS
Ron Carter,cartero01,IND
John Kuester,kuestjo01,IND
Paul Mokeski,mokespa01,HOU
Cheese Johnson,johnsch02,GSW
Jackie Robinson,robinja01,DET
Ron Behagen,behagro01,WSB
Butch Lee,leebu01,2TM
Butch Lee,leebu01,CLE
Butch Lee,leebu01,LAL
Bubba Wilson,wilsobu01,GSW
Arvid Kramer,kramear01,DEN
Andre Wakefield,wakefan01,UTA
Tony Zeno,zenoto01,IND
Harry Davis,davisha01,SAS
Greg Deane,deanegr01,UTA
Walt Frazier,fraziwa01,CLE
Corky Calhoun,calhoco01,IND
Rick Wilson,wilsori01,ATL
Terry Crosby,crosbte01,KCK
Carl Kilpatrick,kilpaca01,UTA
Roger Brown,brownro02,CHI
Al Skinner,skinnal01,PHI
John Olive,olivejo01,SDC
