Player,ID,Team
Michael Jordan,jordami01,CHI
Dominique Wilkins,wilkido01,ATL
Larry Bird,birdla01,BOS
Karl Malone,malonka01,UTA
Charles Barkley,barklch01,PHI
Clyde Drexler,drexlcl01,POR
Alex English,englial01,DEN
Dale Ellis,ellisda01,SEA
Mark Aguirre,aguirma01,DAL
Hakeem Olajuwon,olajuha01,HOU
Byron Scott,scottby01,LAL
Otis Thorpe,thorpot01,SAC
Tom Chambers,chambto01,SEA
Xavier McDaniel,mcdanxa01,SEA
Patrick Ewing,ewingpa01,NYK
Jeff Malone,malonje01,WSB
Terry Cummings,cummite01,MIL
Alvin Robertson,roberal01,SAS
Moses Malone,malonmo01,WSB
Thurl Bailey,baileth01,UTA
Isiah Thomas,thomais01,DET
Reggie Theus,theusre01,SAC
Fat Lever,leverfa01,DEN
Jerome Kersey,kerseje01,POR
Brad Daugherty,daughbr01,CLE
James Worthy,worthja01,LAL
Kevin McHale,mchalke01,BOS
Mike Woodson,woodsmi01,LAC
Gerald Wilkins,wilkige01,NYK
Magic Johnson,johnsma02,LAL
Derek Harper,harpede01,DAL
Adrian Dantley,dantlad01,DET
Mike Gminski,gminsmi01,2TM
Mike Gminski,gminsmi01,NJN
Mike Gminski,gminsmi01,PHI
Jack Sikma,sikmaja01,MIL
Chuck Person,persoch01,IND
Rolando Blackman,blackro01,DAL
Eddie Johnson,johnsed03,PHO
Larry Nance,nancela01,2TM
Larry Nance,nancela01,PHO
Larry Nance,nancela01,CLE
Mark Price,pricema01,CLE
Buck Williams,willibu01,NJN
Walter Berry,berrywa01,SAS
Danny Ainge,aingeda01,BOS
Wayman Tisdale,tisdawa01,IND
Kevin Duckworth,duckwke01,POR
Terry Porter,portete01,POR
Walter Davis,daviswa03,PHO
Chris Mullin,mullich01,GSW
John Stockton,stockjo01,UTA
Bernard King,kingbe01,WSB
Cliff Robinson,robincl01,PHI
Roy Hinson,hinsoro01,2TM
Roy Hinson,hinsoro01,PHI
Roy Hinson,hinsoro01,NJN
Kareem Abdul-Jabbar,abdulka01,LAL
Joe Dumars,dumarjo01,DET
Purvis Short,shortpu01,HOU
Sleepy Floyd,floydsl01,2TM
Sleepy Floyd,floydsl01,GSW
Sleepy Floyd,floydsl01,HOU
Michael Adams,adamsmi01,DEN
Doc Rivers,riverdo01,ATL
Danny Schayes,schayda01,DEN
Jay Vincent,vinceja01,DEN
Frank Brickowski,brickfr01,SAS
Mark Jackson,jacksma01,NYK
Vern Fleming,flemive01,IND
Bill Laimbeer,laimbbi01,DET
Roy Tarpley,tarplro01,DAL
Maurice Cheeks,cheekma01,PHI
Steve Stipanovich,stipast01,IND
Sam Perkins,perkisa01,DAL
Robert Parish,parisro01,BOS
Rod Higgins,higgiro01,GSW
John Williams,willijo02,WSB
Michael Cage,cagemi01,LAC
John Long,longjo01,IND
Johnny Dawkins,dawkijo01,SAS
Charles Oakley,oaklech01,CHI
Rodney McCray,mccraro01,HOU
Vinnie Johnson,johnsvi01,DET
Blair Rasmussen,rasmubl01,DEN
Paul Pressey,presspa01,MIL
John Bagley,baglejo01,NJN
Joe Barry Carroll,carrojo01,2TM
Joe Barry Carroll,carrojo01,GSW
Joe Barry Carroll,carrojo01,HOU
Dennis Johnson,johnsde01,BOS
Randy Breuer,breuera01,MIL
Greg Anderson,andergr01,SAS
Dennis Rodman,rodmade01,DET
A.C. Green,greenac01,LAL
Mychal Thompson,thompmy01,LAL
Mike Mitchell,mitchmi01,SAS
Bill Cartwright,cartwbi01,NYK
Quintin Dailey,dailequ01,LAC
Ron Harper,harpero01,CLE
Kevin Willis,willike02,ATL
Benoit Benjamin,benjabe01,LAC
Hot Rod Williams,williho01,CLE
Kenny Smith,smithke01,SAC
Otis Smith,smithot01,2TM
Otis Smith,smithot01,DEN
Otis Smith,smithot01,GSW
Tim McCormick,mccorti01,2TM
Tim McCormick,mccorti01,PHI
Tim McCormick,mccorti01,NJN
Winston Garland,garlawi01,GSW
Kenny Walker,walkeke01,NYK
Randy Wittman,wittmra01,ATL
Reggie Miller,millere01,IND
Allen Leavell,leaveal01,HOU
Cliff Levingston,levincl01,ATL
Armen Gilliam,gilliar01,PHO
James Edwards,edwarja01,2TM
James Edwards,edwarja01,PHO
James Edwards,edwarja01,DET
Dave Corzine,corzida01,CHI
Mark West,westma01,2TM
Mark West,westma01,CLE
Mark West,westma01,PHO
Joe Kleine,kleinjo01,SAC
Dell Curry,curryde01,CLE
Jeff Hornacek,hornaje01,PHO
Bob Hansen,hansebo01,UTA
Brad Sellers,sellebr01,CHI
Harold Pressley,pressha01,SAC
Johnny Newman,newmajo01,NYK
Larry Drew,drewla01,LAC
Ralph Sampson,sampsra01,2TM
Ralph Sampson,sampsra01,HOU
Ralph Sampson,sampsra01,GSW
Herb Williams,willihe01,IND
Kiki Vandeweghe,vandeki01,POR
Terry Catledge,catlete01,WSB
John Lucas,lucasjo01,MIL
Kevin Johnson,johnske02,2TM
Kevin Johnson,johnske02,CLE
Kevin Johnson,johnske02,PHO
Otis Birdsong,birdsot01,NJN
Rick Mahorn,mahorri01,DET
John Battle,battljo01,ATL
Antoine Carr,carran01,ATL
John Salley,sallejo01,DET
Detlef Schrempf,schrede01,DAL
Derrick McKey,mckeyde01,SEA
Jay Humphries,humphja01,2TM
Jay Humphries,humphja01,PHO
Jay Humphries,humphja01,MIL
Steve Johnson,johnsst03,POR
Phil Hubbard,hubbaph01,CLE
Sidney Green,greensi02,NYK
John Paxson,paxsojo01,CHI
Tellis Frank,frankte01,GSW
Pearl Washington,washipe01,NJN
Craig Hodges,hodgecr01,2TM
Craig Hodges,hodgecr01,MIL
Craig Hodges,hodgecr01,PHO
Scottie Pippen,pippesc01,CHI
Tyrone Corbin,corbity01,2TM
Tyrone Corbin,corbity01,CLE
Tyrone Corbin,corbity01,PHO
Nate McMillan,mcmilna01,SEA
Horace Grant,grantho01,CHI
Jim Petersen,peterji01,HOU
Ben McDonald,mcdonbe01,GSW
Alvan Adams,adamsal01,PHO
Ricky Pierce,piercri01,MIL
Sidney Moncrief,moncrsi01,MIL
Gerald Henderson,hendege01,2TM
Gerald Henderson,hendege01,NYK
Gerald Henderson,hendege01,PHI
Terry Teagle,teaglte01,GSW
Ben Coleman,colembe01,2TM
Ben Coleman,colembe01,NJN
Ben Coleman,colembe01,PHI
Darrell Griffith,griffda01,UTA
Dennis Hopson,hopsode01,NJN
Mike McGee,mcgeemi01,2TM
Mike McGee,mcgeemi01,ATL
Mike McGee,mcgeemi01,SAC
Sam Vincent,vincesa01,2TM
Sam Vincent,vincesa01,SEA
Sam Vincent,vincesa01,CHI
James Donaldson,donalja01,DAL
Mark Eaton,eatonma01,UTA
Ken Norman,normake01,LAC
Craig Ehlo,ehlocr01,CLE
Darnell Valentine,valenda01,LAC
Frank Johnson,johnsfr01,WSB
LaSalle Thompson,thompla01,SAC
David Wingate,wingada01,PHI
Ron Anderson,anderro01,IND
Brad Davis,davisbr01,DAL
Steve Harris,harrist01,2TM
Steve Harris,harrist01,HOU
Steve Harris,harrist01,GSW
Michael Cooper,coopemi01,LAL
Albert King,kingal01,PHI
Trent Tucker,tucketr01,NYK
Kevin Williams,willike01,SEA
Jerry Reynolds,reynoje01,MIL
Sedale Threatt,threase01,2TM
Sedale Threatt,threase01,CHI
Sedale Threatt,threase01,SEA
Ed Pinckney,pincked01,SAC
Spud Webb,webbsp01,ATL
Russ Schoene,schoeru01,SEA
Steve Colter,coltest01,2TM
Steve Colter,coltest01,PHI
Steve Colter,coltest01,WSB
Melvin Turpin,turpime01,UTA
Alton Lister,listeal01,SEA
Dave Feitl,feitlda01,GSW
Fred Roberts,roberfr01,BOS
Richard Anderson,anderri01,2TM
Richard Anderson,anderri01,HOU
Richard Anderson,anderri01,POR
Maurice Lucas,lucasma01,POR
Derek Smith,smithde02,SAC
Michael Holton,holtomi01,POR
Dudley Bradley,bradldu01,2TM
Dudley Bradley,bradldu01,MIL
Dudley Bradley,bradldu01,NJN
Jon Sundvold,sundvjo01,SAS
Dallas Comegys,comegda01,NJN
Terry Tyler,tylerte01,SAC
Jerome Whitehead,whiteje01,GSW
Leon Wood,woodle01,2TM
Leon Wood,woodle01,SAS
Leon Wood,woodle01,ATL
Pétur Guðmundsson,gudmupe01,SAS
Muggsy Bogues,boguemu01,WSB
Rickey Green,greenri01,UTA
Robert Reid,reidro01,HOU
Dave Greenwood,greenda01,SAS
Buck Johnson,johnsbu01,HOU
World B. Free,freewo01,HOU
Kelly Tripucka,tripuke01,UTA
Reggie Williams,willire01,LAC
Mike Sanders,sandemi01,2TM
Mike Sanders,sandemi01,PHO
Mike Sanders,sandemi01,CLE
Marc Iavaroni,iavarma01,UTA
Larry Krystkowiak,krystla01,MIL
Bill Hanzlik,hanzlbi01,DEN
Jim Paxson,paxsoji02,2TM
Jim Paxson,paxsoji02,POR
Jim Paxson,paxsoji02,BOS
Mike Evans,evansmi01,DEN
Pat Cummings,cummipa01,NYK
Olden Polynice,polynol01,SEA
Tree Rollins,rollitr01,ATL
Caldwell Jones,jonesca01,POR
Mark Alarie,alarima01,WSB
Joe Wolf,wolfjo01,LAC
Kurt Nimphius,nimphku01,SAS
Orlando Woolridge,woolror01,NJN
Darrell Walker,walkeda01,WSB
Earl Cureton,curetea01,LAC
Brad Lohaus,lohaubr01,BOS
Jawann Oldham,oldhaja01,SAC
Wes Matthews,matthwe01,LAL
James Bailey,baileja01,PHO
Mark Acres,acresma01,BOS
Wayne Cooper,coopewa01,DEN
Darren Daye,dayeda01,BOS
Jon Koncak,koncajo01,ATL
Kurt Rambis,rambiku01,LAL
Cedric Maxwell,maxwece01,HOU
Artis Gilmore,gilmoar01,2TM
Artis Gilmore,gilmoar01,CHI
Artis Gilmore,gilmoar01,BOS
Tony White,whiteto01,3TM
Tony White,whiteto01,CHI
Tony White,whiteto01,NYK
Tony White,whiteto01,GSW
Dirk Minniefield,minnidi01,2TM
Dirk Minniefield,minnidi01,GSW
Dirk Minniefield,minnidi01,BOS
Rory Sparrow,sparrro01,2TM
Rory Sparrow,sparrro01,NYK
Rory Sparrow,sparrro01,CHI
Calvin Natt,nattca01,DEN
Paul Mokeski,mokespa01,MIL
Danny Young,youngda01,SEA
Stuart Gray,grayst01,IND
Greg Kite,kitegr01,2TM
Greg Kite,kitegr01,BOS
Greg Kite,kitegr01,LAC
Scott Skiles,skilesc01,IND
Dave Hoppen,hoppeda01,2TM
Dave Hoppen,hoppeda01,MIL
Dave Hoppen,hoppeda01,GSW
Reggie Lewis,lewisre01,BOS
Jerry Sichting,sichtje01,2TM
Jerry Sichting,sichtje01,BOS
Jerry Sichting,sichtje01,POR
Andrew Toney,toneyan01,PHI
Mike Brown,brownmi01,CHI
Charles Jones,jonesch01,WSB
Bernard Thompson,thompbe01,PHO
Conner Henry,henryco01,3TM
Conner Henry,henryco01,BOS
Conner Henry,henryco01,MIL
Conner Henry,henryco01,SAC
T.R. Dunn,dunntr01,DEN
Eric White,whiteer01,LAC
Manute Bol,bolma01,WSB
Steve Burtt,burttst01,LAC
Chris Dudley,dudlech02,CLE
Bob Thornton,thornbo01,2TM
Bob Thornton,thornbo01,NYK
Bob Thornton,thornbo01,PHI
Uwe Blab,blabuw01,DAL
Michael Jackson,jacksmi02,SAC
Norris Coleman,colemno01,LAC
Mark McNamara,mcnamma01,PHI
Milt Wagner,wagnemi01,LAL
Clinton Wheeler,wheelcl01,IND
Tony Campbell,campbto01,LAL
Ed Nealy,nealyed01,SAS
Carey Scurry,scurrca01,2TM
Carey Scurry,scurrca01,UTA
Carey Scurry,scurrca01,NYK
Claude Gregory,gregocl01,LAC
Adrian Branch,brancad01,NJN
Lester Conner,connele01,HOU
Franklin Edwards,edwarfr01,SAC
Mike Smrek,smrekmi01,LAL
Larry Smith,smithla01,GSW
Dave Henderson,hendeda01,PHI
Kevin McKenna,mckenke01,NJN
Ricky Wilson,wilsori02,2TM
Ricky Wilson,wilsori02,NJN
Ricky Wilson,wilsori02,SAS
Pace Mannion,mannipa01,MIL
Danny Vranes,vraneda01,PHI
Clemon Johnson,johnscl01,SEA
Pete Myers,myerspe01,SAS
Scott Hastings,hastisc01,ATL
Billy Donovan,donovbi01,NYK
Charles Davis,davisch02,2TM
Charles Davis,davisch02,MIL
Charles Davis,davisch02,SAS
Chris Engler,englech01,NJN
William Bedford,bedfowi01,DET
Chris Washburn,washbch01,2TM
Chris Washburn,washbch01,GSW
Chris Washburn,washbch01,ATL
Ray Tolbert,tolbera01,2TM
Ray Tolbert,tolbera01,NYK
Ray Tolbert,tolbera01,LAL
Winston Crite,critewi01,PHO
Scott Roth,rothsc01,UTA
Ralph Lewis,lewisra01,DET
John Stroeder,stroejo01,MIL
Rick Carlisle,carliri01,NYK
Chris McNealy,mcneach01,NYK
Bill Wennington,wennibi01,DAL
Johnny Rogers,rogerjo01,CLE
Jim Farmer,farmeji01,DAL
Steve Alford,alforst01,DAL
Maurice Martin,martima01,DEN
Sedric Toney,toneyse01,NYK
Kevin Henderson,hendeke01,2TM
Kevin Henderson,hendeke01,GSW
Kevin Henderson,hendeke01,CLE
Duane Washington,washidu01,NJN
Vincent Askew,askewvi01,PHI
Kenny Fields,fieldke01,LAC
Jeff Cook,cookje01,PHO
Charles Jones,jonesch02,POR
Chris Welp,welpch01,PHI
Martin Nessley,nesslma01,2TM
Martin Nessley,nesslma01,LAC
Martin Nessley,nesslma01,SAC
Bart Kofoed,kofoeba01,UTA
Michael Brooks,brookmi01,DEN
Jamie Waller,walleja01,NJN
Bill Martin,martibi01,PHO
Louis Orr,orrlo01,NYK
Nate Blackwell,blackna01,SAS
Ronnie Murphy,murphro01,POR
Andre Turner,turnean01,HOU
Joe Arlauckas,arlaujo01,SAC
Greg Dreiling,dreilgr01,IND
Phil Zevenbergen,zevenph01,SAS
Lancaster Gordon,gordola01,LAC
Andre Moore,moorean01,2TM
Andre Moore,moorean01,DEN
Andre Moore,moorean01,MIL
Ron Moore,moorero01,2TM
Ron Moore,moorero01,DET
Ron Moore,moorero01,PHO
Jay Murphy,murphja01,WSB
Nikita Wilson,wilsoni01,POR
Mike O'Koren,okoremi01,NJN
Granville Waiters,waitegr01,CHI
Eddie Hughes,hugheed01,UTA
Chuck Nevitt,nevitch01,DET
Elston Turner,turneel01,CHI
Richard Rellford,rellfri01,SAS
Kermit Washington,washike01,GSW
Billy Thompson,thompbi01,LAL
Ennis Whatley,whatlen01,ATL
Darryl Dawkins,dawkida01,2TM
Darryl Dawkins,dawkida01,UTA
Darryl Dawkins,dawkida01,DET
Michael Phelps,phelpmi01,LAC
Johnny Moore,moorejo01,2TM
Johnny Moore,moorejo01,SAS
Johnny Moore,moorejo01,NJN
Mark Wade,wadema01,GSW
Rickie Winslow,winslri01,MIL
Brian Rowsom,rowsobr01,IND
Kent Benson,bensoke01,CLE
Tod Murphy,murphto01,LAC
Kannard Johnson,johnska01,CLE
Jeff Lamp,lampje01,LAL
Brad Wright,wrighbr01,DEN
Kevin Gamble,gamblke01,POR
Walker Russell,russewa01,DET
