Player,ID,Team
Michael Jordan,jordami01,CHI
Karl Malone,malonka01,UTA
Dale Ellis,ellisda01,SEA
Chris Mullin,mullich01,GSW
Alex English,englial01,DEN
Clyde Drexler,drexlcl01,POR
Dominique Wilkins,wilkido01,ATL
Tom Chambers,chambto01,PHO
Charles Barkley,barklch01,PHI
Hakeem Olajuwon,olajuha01,HOU
Terry Cummings,cummite01,MIL
Patrick Ewing,ewingpa01,NYK
Kevin McHale,mchalke01,BOS
Mitch Richmond,richmmi01,GSW
Magic Johnson,johnsma02,LAL
Chuck Person,persoch01,IND
Xavier McDaniel,mcdanxa01,SEA
Bernard King,kingbe01,WSB
James Worthy,worthja01,LAL
Jeff Malone,malonje01,WSB
Kevin Johnson,johnske02,PHO
Moses Malone,malonmo01,ATL
Kelly Tripucka,tripuke01,CHH
Thurl Bailey,baileth01,UTA
Rolando Blackman,blackro01,DAL
Ron Harper,harpero01,CLE
Mark Aguirre,aguirma01,2TM
Mark Aguirre,aguirma01,DAL
Mark Aguirre,aguirma01,DET
Willie Anderson,anderwi01,SAS
Eddie Johnson,johnsed03,PHO
Reggie Lewis,lewisre01,BOS
Robert Parish,parisro01,BOS
Brad Daugherty,daughbr01,CLE
Isiah Thomas,thomais01,DET
Ken Norman,normake01,LAC
Byron Scott,scottby01,LAL
Kevin Duckworth,duckwke01,POR
Terry Porter,portete01,POR
Michael Adams,adamsmi01,DEN
Mark Price,pricema01,CLE
Mike Gminski,gminsmi01,PHI
Fat Lever,leverfa01,DEN
Derek Harper,harpede01,DAL
Kenny Smith,smithke01,SAC
John Stockton,stockjo01,UTA
Adrian Dantley,dantlad01,2TM
Adrian Dantley,dantlad01,DET
Adrian Dantley,dantlad01,DAL
Wayman Tisdale,tisdawa01,2TM
Wayman Tisdale,tisdawa01,IND
Wayman Tisdale,tisdawa01,SAC
Otis Thorpe,thorpot01,HOU
Ron Anderson,anderro01,PHI
Jerome Kersey,kerseje01,POR
Ricky Pierce,piercri01,MIL
Roy Hinson,hinsoro01,NJN
Derrick McKey,mckeyde01,SEA
Benoit Benjamin,benjabe01,LAC
Reggie Theus,theusre01,ATL
Johnny Newman,newmajo01,NYK
Danny Ainge,aingeda01,2TM
Danny Ainge,aingeda01,BOS
Danny Ainge,aingeda01,SAC
Rex Chapman,chapmre01,CHH
Walter Davis,daviswa03,DEN
Larry Nance,nancela01,CLE
Mark Jackson,jacksma01,NYK
Robert Reid,reidro01,CHH
Hersey Hawkins,hawkihe01,PHI
Joe Dumars,dumarjo01,DET
Reggie Miller,millere01,IND
Armen Gilliam,gilliar01,PHO
Sam Perkins,perkisa01,DAL
Sleepy Floyd,floydsl01,HOU
Gerald Wilkins,wilkige01,NYK
Charles Smith,smithch01,LAC
Winston Garland,garlawi01,GSW
Darrell Griffith,griffda01,UTA
Vinnie Johnson,johnsvi01,DET
Greg Anderson,andergr01,SAS
Alvin Robertson,roberal01,SAS
John Williams,willijo02,WSB
Quintin Dailey,dailequ01,LAC
Bill Laimbeer,laimbbi01,DET
Kevin Edwards,edwarke01,MIA
A.C. Green,greenac01,LAL
Vern Fleming,flemive01,IND
Chris Morris,morrich01,NJN
Jack Sikma,sikmaja01,MIL
Charles Oakley,oaklech01,NYK
LaSalle Thompson,thompla01,2TM
LaSalle Thompson,thompla01,SAC
LaSalle Thompson,thompla01,IND
Jeff Hornacek,hornaje01,PHO
Scottie Pippen,pippesc01,CHI
Mike Woodson,woodsmi01,HOU
Mike McGee,mcgeemi01,NJN
Doc Rivers,riverdo01,ATL
Larry Krystkowiak,krystla01,MIL
Terry Teagle,teaglte01,GSW
Rory Sparrow,sparrro01,MIA
Harold Pressley,pressha01,SAC
Grant Long,longgr01,MIA
Danny Schayes,schayda01,DEN
Bill Cartwright,cartwbi01,CHI
Buck Williams,willibu01,NJN
Rik Smits,smitsri01,IND
Horace Grant,grantho01,CHI
Hot Rod Williams,williho01,CLE
Vernon Maxwell,maxweve01,SAS
Ed Pinckney,pincked01,2TM
Ed Pinckney,pincked01,SAC
Ed Pinckney,pincked01,BOS
Ledell Eackles,eacklle01,WSB
Joe Barry Carroll,carrojo01,NJN
Frank Brickowski,brickfr01,SAS
Rod Higgins,higgiro01,GSW
Rodney McCray,mccraro01,SAC
Billy Thompson,thompbi01,MIA
Rony Seikaly,seikaro01,MIA
Gary Grant,grantga01,LAC
Jay Humphries,humphja01,MIL
Lester Conner,connele01,NJN
Kurt Rambis,rambiku01,CHH
Detlef Schrempf,schrede01,2TM
Detlef Schrempf,schrede01,DAL
Detlef Schrempf,schrede01,IND
Michael Cage,cagemi01,SEA
Maurice Cheeks,cheekma01,PHI
Terry Catledge,catlete01,WSB
Paul Pressey,presspa01,MIL
Otis Smith,smithot01,GSW
Dennis Hopson,hopsode01,NJN
John Battle,battljo01,ATL
Herb Williams,willihe01,2TM
Herb Williams,willihe01,IND
Herb Williams,willihe01,DAL
Mike Sanders,sandemi01,CLE
Sidney Moncrief,moncrsi01,MIL
Derrick Chievous,chievde01,HOU
Kareem Abdul-Jabbar,abdulka01,LAL
Mychal Thompson,thompmy01,LAL
Dennis Rodman,rodmade01,DET
Cliff Levingston,levincl01,ATL
Dennis Johnson,johnsde01,BOS
Steve Johnson,johnsst03,POR
Rod Strickland,stricro02,NYK
Orlando Woolridge,woolror01,LAL
Darrell Walker,walkeda01,WSB
Jon Sundvold,sundvjo01,MIA
Ricky Berry,berryri01,SAC
Brian Shaw,shawbr01,BOS
Trent Tucker,tucketr01,NYK
Jim Petersen,peterji01,SAC
Alton Lister,listeal01,SEA
Sam Vincent,vincesa01,CHI
Buck Johnson,johnsbu01,HOU
Reggie Williams,willire01,LAC
Tyrone Corbin,corbity01,PHO
Walter Berry,berrywa01,2TM
Walter Berry,berrywa01,NJN
Walter Berry,berrywa01,HOU
Craig Ehlo,ehlocr01,CLE
Mark West,westma01,PHO
Michael Cooper,coopemi01,LAL
Blair Rasmussen,rasmubl01,DEN
Antoine Carr,carran01,ATL
Dell Curry,curryde01,CHH
Vinny Del Negro,delnevi01,SAC
Derek Smith,smithde02,2TM
Derek Smith,smithde02,SAC
Derek Smith,smithde02,PHI
John Paxson,paxsojo01,CHI
James Edwards,edwarja01,DET
Michael Holton,holtomi01,CHH
Brad Sellers,sellebr01,CHI
Scott Skiles,skilesc01,IND
Sedale Threatt,threase01,SEA
Steve Colter,coltest01,WSB
Earl Cureton,curetea01,CHH
Nate McMillan,mcmilna01,SEA
Craig Hodges,hodgecr01,2TM
Craig Hodges,hodgecr01,PHO
Craig Hodges,hodgecr01,CHI
Rick Mahorn,mahorri01,DET
Wayne Cooper,coopewa01,DEN
Sidney Green,greensi02,NYK
Mark Eaton,eatonma01,UTA
Darwin Cook,cookda01,2TM
Darwin Cook,cookda01,SAS
Darwin Cook,cookda01,DEN
Brad Lohaus,lohaubr01,2TM
Brad Lohaus,lohaubr01,BOS
Brad Lohaus,lohaubr01,SAC
John Bagley,baglejo01,NJN
Dave Hoppen,hoppeda01,CHH
Kiki Vandeweghe,vandeki01,2TM
Kiki Vandeweghe,vandeki01,POR
Kiki Vandeweghe,vandeki01,NYK
Mark Alarie,alarima01,WSB
Adrian Branch,brancad01,POR
Brad Davis,davisbr01,DAL
Jim Paxson,paxsoji02,BOS
Tim Kempton,kemptti01,CHH
Joe Kleine,kleinjo01,2TM
Joe Kleine,kleinjo01,SAC
Joe Kleine,kleinjo01,BOS
Purvis Short,shortpu01,HOU
James Donaldson,donalja01,DAL
Dave Corzine,corzida01,CHI
Dan Majerle,majerda01,PHO
John Salley,sallejo01,DET
Pat Cummings,cummipa01,MIA
Dave Greenwood,greenda01,2TM
Dave Greenwood,greenda01,SAS
Dave Greenwood,greenda01,DEN
Larry Smith,smithla01,GSW
Johnny Dawkins,dawkijo01,SAS
Tom Garrick,garrito01,LAC
Sylvester Gray,graysy01,MIA
Dallas Comegys,comegda01,SAS
Danny Manning,mannida01,LAC
Scott Brooks,brooksc01,PHI
Jerry Reynolds,reynoje01,SEA
Gerald Henderson,hendege01,PHI
Tim McCormick,mccorti01,HOU
Muggsy Bogues,boguemu01,CHH
Kenny Walker,walkeke01,NYK
Fred Roberts,roberfr01,MIL
Pearl Washington,washipe01,MIA
Harvey Grant,grantha01,WSB
Ralph Sampson,sampsra01,GSW
Tony Campbell,campbto01,LAL
Scott Hastings,hastisc01,MIA
Terry Tyler,tylerte01,DAL
Joe Wolf,wolfjo01,LAC
John Long,longjo01,2TM
John Long,longjo01,IND
John Long,longjo01,DET
Richard Anderson,anderri01,POR
Darnell Valentine,valenda01,CLE
Steve Alford,alforst01,2TM
Steve Alford,alforst01,DAL
Steve Alford,alforst01,GSW
Norm Nixon,nixonno01,LAC
Russ Schoene,schoeru01,SEA
John Shasky,shaskjo01,MIA
Jon Koncak,koncajo01,ATL
Bob Hansen,hansebo01,UTA
Elston Turner,turneel01,DEN
Roy Tarpley,tarplro01,DAL
Albert King,kingal01,SAS
Eric Leckner,leckner01,UTA
Spud Webb,webbsp01,ATL
Manute Bol,bolma01,GSW
John Lucas,lucasjo01,SEA
Mike Brown,brownmi01,UTA
Bill Wennington,wennibi01,DAL
Danny Young,youngda01,POR
Ben Coleman,colembe01,PHI
Frank Johnson,johnsfr01,HOU
Randy Wittman,wittmra01,2TM
Randy Wittman,wittmra01,SAC
Randy Wittman,wittmra01,IND
Rickey Green,greenri01,2TM
Rickey Green,greenri01,CHH
Rickey Green,greenri01,MIL
Eddie Lee Wilkins,wilkied01,NYK
Dave Feitl,feitlda01,WSB
Mark Bryant,bryanma01,POR
Keith Lee,leeke01,NJN
Jerome Lane,laneje01,DEN
Tim Perry,perryti01,PHO
Jay Vincent,vinceja01,2TM
Jay Vincent,vinceja01,DEN
Jay Vincent,vinceja01,SAS
Chris Welp,welpch01,PHI
Shelton Jones,jonessh01,3TM
Shelton Jones,jonessh01,SAS
Shelton Jones,jonessh01,GSW
Shelton Jones,jonessh01,PHI
Olden Polynice,polynol01,SEA
Brian Rowsom,rowsobr01,CHH
Kelvin Upshaw,upshake01,2TM
Kelvin Upshaw,upshake01,MIA
Kelvin Upshaw,upshake01,BOS
Cliff Robinson,robincl01,PHI
Kevin Williams,willike01,2TM
Kevin Williams,willike01,NJN
Kevin Williams,willike01,LAC
Michael Anderson,andermi01,SAS
Caldwell Jones,jonesca01,POR
Bill Hanzlik,hanzlbi01,DEN
Randy Breuer,breuera01,MIL
Mike Smrek,smrekmi01,SAS
Stuart Gray,grayst01,IND
Kevin Gamble,gamblke01,BOS
Charles Shackleford,shackch01,NJN
Charles Davis,davisch02,CHI
Chris Dudley,dudlech02,CLE
Scott Roth,rothsc01,2TM
Scott Roth,rothsc01,UTA
Scott Roth,rothsc01,SAS
Marc Iavaroni,iavarma01,UTA
Allen Leavell,leaveal01,HOU
Ron Grandison,grandro01,BOS
Jerome Whitehead,whiteje01,2TM
Jerome Whitehead,whiteje01,GSW
Jerome Whitehead,whiteje01,SAS
Sam Bowie,bowiesa01,POR
Randolph Keys,keysra01,CLE
Paul Mokeski,mokespa01,MIL
Andrew Lang,langan01,PHO
Eric White,whiteer01,2TM
Eric White,whiteer01,UTA
Eric White,whiteer01,LAC
Anthony Bowie,bowiean01,SAS
Jim Farmer,farmeji01,UTA
Anthony Frederick,fredean01,IND
Calvin Natt,nattca01,2TM
Calvin Natt,nattca01,DEN
Calvin Natt,nattca01,SAS
Greg Kite,kitegr01,2TM
Greg Kite,kitegr01,LAC
Greg Kite,kitegr01,CHH
John Starks,starkjo01,GSW
Anthony Taylor,tayloan01,MIA
José Ortiz,ortizjo01,UTA
Jim Les,lesji01,UTA
Mark Acres,acresma01,BOS
David Wingate,wingada01,PHI
Charles Jones,jonesch01,WSB
Ralph Lewis,lewisra01,CHH
Tree Rollins,rollitr01,CLE
David Rivers,riverda01,LAL
Greg Dreiling,dreilgr01,IND
Bill Jones,jonesbi01,NJN
Tony Brown,brownto01,2TM
Tony Brown,brownto01,HOU
Tony Brown,brownto01,MIL
Bob Thornton,thornbo01,PHI
Micheal Williams,willimi02,DET
Mark Davis,davisma01,2TM
Mark Davis,davisma01,PHO
Mark Davis,davisma01,MIL
Todd Mitchell,mitchto01,2TM
Todd Mitchell,mitchto01,MIA
Todd Mitchell,mitchto01,SAS
Larry Bird,birdla01,BOS
Craig Neal,nealcr01,2TM
Craig Neal,nealcr01,POR
Craig Neal,nealcr01,MIA
Mark McNamara,mcnamma01,LAL
Morlon Wiley,wileymo01,DAL
Jack Haley,haleyja01,CHI
Charles Jones,jonesch02,WSB
Tellis Frank,frankte01,GSW
Grant Gondrezick,gondrgr01,LAC
Clinton Wheeler,wheelcl01,2TM
Clinton Wheeler,wheelcl01,MIA
Clinton Wheeler,wheelcl01,POR
Brook Steppe,steppbr01,POR
Ray Tolbert,tolbera01,ATL
Jerry Sichting,sichtje01,POR
Duane Ferrell,ferredu01,ATL
Pete Myers,myerspe01,2TM
Pete Myers,myerspe01,PHI
Pete Myers,myerspe01,NYK
Jeff Grayer,grayeje01,MIL
Anthony Jones,jonesan01,2TM
Anthony Jones,jonesan01,CHI
Anthony Jones,jonesan01,DAL
Ken Bannister,bannike01,LAC
Phil Hubbard,hubbaph01,CLE
Dudley Bradley,bradldu01,ATL
Eddie Hughes,hugheed01,DEN
Uwe Blab,blabuw01,DAL
Avery Johnson,johnsav01,SEA
Corey Gaines,gaineco01,NJN
Will Perdue,perduwi01,CHI
Chuck Nevitt,nevitch01,HOU
Everette Stephens,stephev01,IND
Bernard Thompson,thompbe01,HOU
Jeff Lamp,lampje01,LAL
Greg Butler,butlegr01,NYK
Steve Kerr,kerrst01,PHO
Tito Horford,horfoti01,MIL
Ramón Rivas,rivasra01,BOS
Tom Tolbert,tolbeto01,CHH
Otis Birdsong,birdsot01,BOS
Fennis Dembo,dembofe01,DET
Ben McDonald,mcdonbe01,GSW
Ennis Whatley,whatlen01,LAC
Dave Popson,popsoda01,2TM
Dave Popson,popsoda01,LAC
Dave Popson,popsoda01,MIA
T.R. Dunn,dunntr01,PHO
Bart Kofoed,kofoeba01,UTA
Rob Lock,lockro01,LAC
Ed Nealy,nealyed01,2TM
Ed Nealy,nealyed01,CHI
Ed Nealy,nealyed01,PHO
Wayne Engelstad,englewa01,DEN
Darryl Dawkins,dawkida01,DET
Ben Gillery,gillebe01,SAC
Sidney Lowe,lowesi01,CHH
Dominic Pressley,pressdo01,2TM
Dominic Pressley,pressdo01,WSB
Dominic Pressley,pressdo01,CHI
Pétur Guðmundsson,gudmupe01,SAS
Michael Jackson,jacksmi02,SAC
Randy Allen,allenra01,SAC
Rolando Ferreira,ferrero01,POR
Orlando Graham,grahaor01,GSW
Pace Mannion,mannipa01,2TM
Pace Mannion,mannipa01,DET
Pace Mannion,mannipa01,ATL
Jim Rowinski,rowinji01,2TM
Jim Rowinski,rowinji01,DET
Jim Rowinski,rowinji01,PHI
Greg Ballard,ballagr01,SEA
Ron Cavenall,cavenro01,NJN
Richard Morton,mortori01,IND
Andre Turner,turnean01,MIL
Steve Harris,harrist01,DET
John Stroeder,stroejo01,2TM
John Stroeder,stroejo01,SAS
John Stroeder,stroejo01,GSW
Mike Dunleavy,dunlemi01,MIL
Keith Smart,smartke01,SAS
Sedric Toney,toneyse01,IND
Kenny Gattison,gattike01,PHO
Mike Champion,champmi01,SEA
Winston Crite,critewi01,PHO
Rob Rose,rosero01,LAC
Barry Sumpter,sumptba01,LAC
David Wood,woodda01,CHI
