Player,ID,Team
Kevin Durant,duranke01,OKC
LeBron James,jamesle01,MIA
Kobe Bryant,bryanko01,LAL
Derrick Rose,rosede01,CHI
Amar'e Stoudemire,stoudam01,NYK
Carmelo Anthony,anthoca01,2TM
Carmelo Anthony,anthoca01,DEN
Carmelo Anthony,anthoca01,NYK
Dwyane Wade,wadedw01,MIA
Monta Ellis,ellismo01,GSW
Kevin Martin,martike02,HOU
Blake Griffin,griffbl01,LAC
Russell Westbrook,westbru01,OKC
Dwight Howard,howardw01,ORL
LaMarcus Aldridge,aldrila01,POR
Dirk Nowitzki,nowitdi01,DAL
Brook Lopez,lopezbr01,NJN
Danny Granger,grangda01,IND
Pau Gasol,gasolpa01,LAL
Al Jefferson,jeffeal01,UTA
Paul Pierce,piercpa01,BOS
Zach Randolph,randoza01,MEM
Kevin Love,loveke01,MIN
Chris Bosh,boshch01,MIA
Luol Deng,denglu01,CHI
Andrea Bargnani,bargnan01,TOR
DeMar DeRozan,derozde01,TOR
Michael Beasley,beaslmi01,MIN
Manu Ginóbili,ginobma01,SAS
Stephen Curry,curryst01,GSW
Tony Parker,parketo01,SAS
Luis Scola,scolalu01,HOU
Dorell Wright,wrighdo01,GSW
David West,westda01,NOH
Ray Allen,allenra02,BOS
Paul Millsap,millspa01,UTA
Joe Johnson,johnsjo02,ATL
Deron Williams,willide01,2TM
Deron Williams,willide01,UTA
Deron Williams,willide01,NJN
Wesley Matthews,matthwe02,POR
Jason Terry,terryja01,DAL
Josh Smith,smithjo03,ATL
Chris Paul,paulch01,NOH
Jason Richardson,richaja01,2TM
Jason Richardson,richaja01,PHO
Jason Richardson,richaja01,ORL
Eric Gordon,gordoer01,LAC
Stephen Jackson,jacksst02,CHA
Elton Brand,brandel01,PHI
Chauncey Billups,billuch01,2TM
Chauncey Billups,billuch01,DEN
Chauncey Billups,billuch01,NYK
David Lee,leeda02,GSW
Lamar Odom,odomla01,LAL
D.J. Augustin,augusdj01,CHA
Al Horford,horfoal01,ATL
Raymond Felton,feltora01,2TM
Raymond Felton,feltora01,NYK
Raymond Felton,feltora01,DEN
Jrue Holiday,holidjr01,PHI
DeMarcus Cousins,couside01,SAC
John Wall,walljo01,WAS
Nick Young,youngni01,WAS
Gerald Wallace,wallage01,2TM
Gerald Wallace,wallage01,CHA
Gerald Wallace,wallage01,POR
Mike Conley,conlemi01,MEM
Steve Nash,nashst01,PHO
J.J. Hickson,hicksjj01,CLE
Wilson Chandler,chandwi01,2TM
Wilson Chandler,chandwi01,NYK
Wilson Chandler,chandwi01,DEN
Tayshaun Prince,princta01,DET
Nenê,hilarne01,DEN
Beno Udrih,udrihbe01,SAC
Rodney Stuckey,stuckro01,DET
Devin Harris,harride01,2TM
Devin Harris,harride01,NJN
Devin Harris,harride01,UTA
Jamal Crawford,crawfja01,ATL
Andray Blatche,blatcan01,WAS
Ramon Sessions,sessira01,CLE
Rudy Gay,gayru01,MEM
Kevin Garnett,garneke01,BOS
Grant Hill,hillgr01,PHO
Thaddeus Young,youngth01,PHI
Darren Collison,collida01,IND
Carlos Boozer,boozeca01,CHI
Andre Miller,millean02,POR
Lou Williams,willilo02,PHI
Roy Hibbert,hibbero01,IND
John Salmons,salmojo01,MIL
Tim Duncan,duncati01,SAS
Vince Carter,cartevi01,2TM
Vince Carter,cartevi01,ORL
Vince Carter,cartevi01,PHO
Brandon Jennings,jennibr01,MIL
Tyreke Evans,evansty01,SAC
Kyle Lowry,lowryky01,HOU
Antawn Jamison,jamisan01,CLE
C.J. Miles,milescj01,UTA
Shawn Marion,mariosh01,DAL
James Harden,hardeja01,OKC
Jeff Green,greenje02,2TM
Jeff Green,greenje02,OKC
Jeff Green,greenje02,BOS
Jameer Nelson,nelsoja01,ORL
Nicolas Batum,batumni01,POR
Channing Frye,fryech01,PHO
Danilo Gallinari,gallida01,2TM
Danilo Gallinari,gallida01,NYK
Danilo Gallinari,gallida01,DEN
J.R. Smith,smithjr01,DEN
Marc Gasol,gasolma01,MEM
Andre Iguodala,iguodan01,PHI
Ty Lawson,lawsoty01,DEN
Marcus Thornton,thornma01,2TM
Marcus Thornton,thornma01,NOH
Marcus Thornton,thornma01,SAC
Boris Diaw,diawbo01,CHA
Ben Gordon,gordobe01,DET
Glen Davis,davisgl01,BOS
Carl Landry,landrca01,2TM
Carl Landry,landrca01,SAC
Carl Landry,landrca01,NOH
Richard Jefferson,jefferi01,SAS
George Hill,hillge01,SAS
Hedo Türkoğlu,turkohe01,2TM
Hedo Türkoğlu,turkohe01,PHO
Hedo Türkoğlu,turkohe01,ORL
Arron Afflalo,afflaar01,DEN
Jared Dudley,dudleja01,PHO
Toney Douglas,douglto01,NYK
Brandon Bass,bassbr01,ORL
Luke Ridnour,ridnolu01,MIN
Charlie Villanueva,villach01,DET
Marco Belinelli,belinma01,NOH
Andrew Bogut,bogutan01,MIL
Trevor Ariza,arizatr01,NOH
Marcin Gortat,gortama01,2TM
Marcin Gortat,gortama01,ORL
Marcin Gortat,gortama01,PHO
Mo Williams,willima01,2TM
Mo Williams,willima01,CLE
Mo Williams,willima01,LAC
Serge Ibaka,ibakase01,OKC
Corey Maggette,maggeco01,MIL
O.J. Mayo,mayooj01,MEM
JaVale McGee,mcgeeja01,WAS
Landry Fields,fieldla01,NYK
Gary Neal,nealga01,SAS
Daniel Gibson,gibsoda01,CLE
Richard Hamilton,hamilri01,DET
Jodie Meeks,meeksjo01,PHI
Leandro Barbosa,barbole01,TOR
J.J. Barea,bareajo01,DAL
Tyler Hansbrough,hansbty01,IND
Chase Budinger,budinch01,HOU
Al Harrington,harrial01,DEN
Anthony Morrow,morroan01,NJN
Baron Davis,davisba01,2TM
Baron Davis,davisba01,LAC
Baron Davis,davisba01,CLE
Travis Outlaw,outlatr01,NJN
Gilbert Arenas,arenagi01,2TM
Gilbert Arenas,arenagi01,WAS
Gilbert Arenas,arenagi01,ORL
Greg Monroe,monrogr01,DET
Andrei Kirilenko,kirilan01,UTA
Tyson Chandler,chandty01,DAL
Emeka Okafor,okafoem01,NOH
Kris Humphries,humphkr01,NJN
Reggie Williams,willire02,GSW
Kirk Hinrich,hinriki01,2TM
Kirk Hinrich,hinriki01,WAS
Kirk Hinrich,hinriki01,ATL
Jarrett Jack,jackja01,2TM
Jarrett Jack,jackja01,TOR
Jarrett Jack,jackja01,NOH
Darrell Arthur,arthuda01,MEM
Rajon Rondo,rondora01,BOS
Shannon Brown,brownsh01,LAL
Wesley Johnson,johnswe01,MIN
Jordan Farmar,farmajo01,NJN
Metta World Peace,artesro01,LAL
Amir Johnson,johnsam01,TOR
Mike Bibby,bibbymi01,3TM
Mike Bibby,bibbymi01,ATL
Mike Bibby,bibbymi01,WAS
Mike Bibby,bibbymi01,MIA
Mike Dunleavy,dunlemi02,IND
Ryan Anderson,anderry01,ORL
Kyle Korver,korveky01,CHI
Marvin Williams,willima02,ATL
DeJuan Blair,blairde01,SAS
Willie Green,greenwi01,NOH
Courtney Lee,leeco01,HOU
José Calderón,caldejo01,TOR
Hakim Warrick,warriha01,PHO
Rudy Fernández,fernaru01,POR
Rashard Lewis,lewisra02,2TM
Rashard Lewis,lewisra02,ORL
Rashard Lewis,lewisra02,WAS
Jason Thompson,thompja02,SAC
Sasha Vujačić,vujacsa01,2TM
Sasha Vujačić,vujacsa01,LAL
Sasha Vujačić,vujacsa01,NJN
Gerald Henderson,hendege02,CHA
Jerryd Bayless,bayleje01,2TM
Jerryd Bayless,bayleje01,NOH
Jerryd Bayless,bayleje01,TOR
Samuel Dalembert,dalemsa01,SAC
Tony Allen,allento01,MEM
Aaron Brooks,brookaa01,2TM
Aaron Brooks,brookaa01,HOU
Aaron Brooks,brookaa01,PHO
Jason Kidd,kiddja01,DAL
Shane Battier,battish01,2TM
Shane Battier,battish01,HOU
Shane Battier,battish01,MEM
Randy Foye,foyera01,LAC
Andrew Bynum,bynuman01,LAL
Omri Casspi,casspom01,SAC
Brandon Rush,rushbr01,IND
Darko Miličić,milicda01,MIN
Anthony Parker,parkean01,CLE
JJ Redick,redicjj01,ORL
Spencer Hawes,hawessp01,PHI
Chuck Hayes,hayesch01,HOU
Nenad Krstić,krstine01,2TM
Nenad Krstić,krstine01,OKC
Nenad Krstić,krstine01,BOS
Tracy McGrady,mcgratr01,DET
Brandon Roy,roybr01,POR
Sam Young,youngsa01,MEM
Keyon Dooling,doolike01,MIL
Ersan İlyasova,ilyaser01,MIL
Taj Gibson,gibsota01,CHI
DeAndre Jordan,jordade01,LAC
Carlos Delfino,delfica01,MIL
Evan Turner,turneev01,PHI
Joakim Noah,noahjo01,CHI
Francisco García,garcifr01,SAC
Derek Fisher,fishede01,LAL
Corey Brewer,breweco01,2TM
Corey Brewer,breweco01,MIN
Corey Brewer,breweco01,DAL
Ryan Gomes,gomesry01,LAC
Sonny Weems,weemsso01,TOR
Eric Bledsoe,bledser01,LAC
Raja Bell,bellra01,UTA
Austin Daye,dayeau01,DET
Nazr Mohammed,mohamna01,2TM
Nazr Mohammed,mohamna01,CHA
Nazr Mohammed,mohamna01,OKC
Josh McRoberts,mcrobjo01,IND
Derrick Favors,favorde01,2TM
Derrick Favors,favorde01,NJN
Derrick Favors,favorde01,UTA
Luc Mbah a Moute,mbahalu01,MIL
Kwame Brown,brownkw01,CHA
Al Thornton,thornal01,2TM
Al Thornton,thornal01,WAS
Al Thornton,thornal01,GSW
Goran Dragić,dragigo01,2TM
Goran Dragić,dragigo01,PHO
Goran Dragić,dragigo01,HOU
Ronnie Brewer,brewero02,CHI
Ed Davis,davised01,TOR
Jordan Crawford,crawfjo02,2TM
Jordan Crawford,crawfjo02,ATL
Jordan Crawford,crawfjo02,WAS
Will Bynum,bynumwi01,DET
Dante Cunningham,cunnida01,2TM
Dante Cunningham,cunnida01,POR
Dante Cunningham,cunnida01,CHA
Matt Bonner,bonnema01,SAS
Shaun Livingston,livinsh01,CHA
Paul George,georgpa01,IND
James Jones,jonesja02,MIA
Maurice Evans,evansma01,2TM
Maurice Evans,evansma01,ATL
Maurice Evans,evansma01,WAS
Al-Farouq Aminu,aminual01,LAC
Shawne Williams,willish03,NYK
Martell Webster,webstma02,MIN
Mario Chalmers,chalmma01,MIA
Caron Butler,butleca01,DAL
Linas Kleiza,kleizli01,TOR
Anthony Tolliver,tollian01,MIN
Robin Lopez,lopezro01,PHO
Chris Wilcox,wilcoch01,DET
Tyrus Thomas,thomaty01,CHA
Kenyon Martin,martike01,DEN
Wayne Ellington,ellinwa01,MIN
Mickaël Piétrus,pietrmi01,2TM
Mickaël Piétrus,pietrmi01,ORL
Mickaël Piétrus,pietrmi01,PHO
Earl Boykins,boykiea01,MIL
Jordan Hill,hilljo01,HOU
C.J. Watson,watsocj01,CHI
Thabo Sefolosha,sefolth01,OKC
Nate Robinson,robinna01,2TM
Nate Robinson,robinna01,BOS
Nate Robinson,robinna01,OKC
Donté Greene,greendo01,SAC
Chris Kaman,kamanch01,LAC
Drew Gooden,goodedr01,MIL
Antonio McDyess,mcdyean01,SAS
Gordon Hayward,haywago01,UTA
DeShawn Stevenson,stevede01,DAL
Brad Miller,millebr01,HOU
Vladimir Radmanović,radmavl01,GSW
Ryan Hollins,holliry01,CLE
Eddie House,houseed01,MIA
Jeff Teague,teaguje01,ATL
Zydrunas Ilgauskas,ilgauzy01,MIA
Keith Bogans,boganke01,CHI
Nikola Peković,pekovni01,MIN
Matt Barnes,barnema02,LAL
Yi Jianlian,jianlyi01,WAS
Patty Mills,millspa02,POR
Zaza Pachulia,pachuza01,ATL
Eric Maynor,maynoer01,OKC
Trevor Booker,booketr01,WAS
Marreese Speights,speigma01,PHI
Earl Watson,watsoea01,UTA
Shaquille O'Neal,onealsh01,BOS
Jason Smith,smithja02,NOH
Alonzo Gee,geeal01,3TM
Alonzo Gee,geeal01,SAS
Alonzo Gee,geeal01,WAS
Alonzo Gee,geeal01,CLE
Nick Collison,collini01,OKC
Patrick Patterson,pattepa01,HOU
Andrés Nocioni,nocioan01,PHI
Gary Forbes,forbega01,DEN
Chris Douglas-Roberts,douglch01,MIL
A.J. Price,priceaj01,IND
Manny Harris,harrima01,CLE
Brendan Haywood,haywobr01,DAL
Steve Blake,blakest01,LAL
Carlos Arroyo,arroyca01,2TM
Carlos Arroyo,arroyca01,MIA
Carlos Arroyo,arroyca01,BOS
Anthony Randolph,randoan01,2TM
Anthony Randolph,randoan01,NYK
Anthony Randolph,randoan01,MIN
Christian Eyenga,eyengch01,CLE
Henry Walker,walkebi01,NYK
Andris Biedriņš,biedran01,GSW
Samardo Samuels,samuesa01,CLE
Dahntay Jones,jonesda02,IND
Anderson Varejão,varejan01,CLE
Peja Stojaković,stojape01,3TM
Peja Stojaković,stojape01,NOH
Peja Stojaković,stojape01,TOR
Peja Stojaković,stojape01,DAL
Jonny Flynn,flynnjo01,MIN
Tiago Splitter,splitti01,SAS
Marcus Camby,cambyma01,POR
Johan Petro,petrojo01,NJN
Josh Childress,childjo01,PHO
Marquis Daniels,daniema01,BOS
James Johnson,johnsja01,2TM
James Johnson,johnsja01,CHI
James Johnson,johnsja01,TOR
D.J. White,whitedj01,2TM
D.J. White,whitedj01,OKC
D.J. White,whitedj01,CHA
Ronny Turiaf,turiaro01,NYK
Sebastian Telfair,telfase01,MIN
Shelden Williams,willish02,2TM
Shelden Williams,willish02,DEN
Shelden Williams,willish02,NYK
Larry Sanders,sandela01,MIL
Craig Smith,smithcr01,LAC
Eugene Jeter,jetereu01,SAC
Jamario Moon,moonja01,2TM
Jamario Moon,moonja01,CLE
Jamario Moon,moonja01,LAC
Chris Andersen,anderch01,DEN
Quentin Richardson,richaqu01,ORL
Greivis Vásquez,vasqugr01,MEM
James Posey,poseyja01,IND
Daequan Cook,cookda02,OKC
Jason Maxiell,maxieja01,DET
Rodrigue Beaubois,beaubro01,DAL
Ekpe Udoh,udohek01,GSW
Matt Carroll,carroma01,CHA
Ömer Aşık,asikom01,CHI
Mike Miller,millemi01,MIA
Josh Powell,poweljo01,ATL
T.J. Ford,fordtj01,IND
Jermaine Taylor,tayloje02,2TM
Jermaine Taylor,tayloje02,HOU
Jermaine Taylor,tayloje02,SAC
Rasual Butler,butlera01,2TM
Rasual Butler,butlera01,LAC
Rasual Butler,butlera01,CHI
Acie Law,lawac01,2TM
Acie Law,lawac01,MEM
Acie Law,lawac01,GSW
Kurt Thomas,thomaku01,CHI
Cartier Martin,martica01,WAS
Ike Diogu,dioguik01,LAC
Joey Graham,grahajo01,CLE
Lou Amundson,amundlo01,GSW
Luther Head,headlu01,SAC
Stephen Graham,grahast01,NJN
Ronnie Price,pricero01,UTA
Brian Cook,cookbr01,LAC
Luke Harangody,haranlu01,2TM
Luke Harangody,haranlu01,BOS
Luke Harangody,haranlu01,CLE
Quincy Pondexter,pondequ01,NOH
Julian Wright,wrighju01,TOR
Jeff Foster,fosteje01,IND
Darnell Jackson,jacksda01,SAC
Derrick Brown,brownde04,2TM
Derrick Brown,brownde04,CHA
Derrick Brown,brownde04,NYK
Von Wafer,wafervo01,BOS
Damien Wilkins,wilkida02,ATL
Jeremy Evans,evansje01,UTA
Dominic McGuire,mcguido01,CHA
Kendrick Perkins,perkike01,2TM
Kendrick Perkins,perkike01,BOS
Kendrick Perkins,perkike01,OKC
Ian Mahinmi,mahinia01,DAL
Xavier Henry,henryxa01,MEM
Semih Erden,erdense01,2TM
Semih Erden,erdense01,BOS
Semih Erden,erdense01,CLE
Timofey Mozgov,mozgoti01,2TM
Timofey Mozgov,mozgoti01,NYK
Timofey Mozgov,mozgoti01,DEN
Earl Clark,clarkea01,2TM
Earl Clark,clarkea01,PHO
Earl Clark,clarkea01,ORL
Lazar Hayward,haywala01,MIN
Kosta Koufos,koufoko01,2TM
Kosta Koufos,koufoko01,MIN
Kosta Koufos,koufoko01,DEN
Ben Uzoh,uzohbe01,NJN
Leon Powe,powele01,2TM
Leon Powe,powele01,CLE
Leon Powe,powele01,MEM
Kevin Séraphin,serapke01,WAS
Ben Wallace,wallabe01,DET
Joel Anthony,anthojo01,MIA
Josh Howard,howarjo01,WAS
Brian Cardinal,cardibr01,DAL
Alexis Ajinça,ajincal01,2TM
Alexis Ajinça,ajincal01,DAL
Alexis Ajinça,ajincal01,TOR
Brandan Wright,wrighbr03,2TM
Brandan Wright,wrighbr03,GSW
Brandan Wright,wrighbr03,NJN
Juwan Howard,howarju01,MIA
Solomon Jones,jonesso01,IND
Jon Brockman,brockjo01,MIL
Joey Dorsey,dorsejo01,TOR
Delonte West,westde01,BOS
Francisco Elson,elsonfr01,UTA
David Andersen,anderda03,2TM
David Andersen,anderda03,TOR
David Andersen,anderda03,NOH
Reggie Evans,evansre01,TOR
Aaron Gray,grayaa01,NOH
Jermaine O'Neal,onealje01,BOS
Erick Dampier,dampier01,MIA
Rodney Carney,carnero01,2TM
Rodney Carney,carnero01,GSW
Rodney Carney,carnero01,MEM
Chris Duhon,duhonch01,ORL
Zabian Dowdell,dowdeza01,PHO
Dan Gadzuric,gadzuda01,2TM
Dan Gadzuric,gadzuda01,GSW
Dan Gadzuric,gadzuda01,NJN
Sundiata Gaines,gainesu01,3TM
Sundiata Gaines,gainesu01,MIN
Sundiata Gaines,gainesu01,TOR
Sundiata Gaines,gainesu01,NJN
Damion James,jamesda01,NJN
Armon Johnson,johnsar02,POR
Anthony Carter,cartean01,2TM
Anthony Carter,cartean01,DEN
Anthony Carter,cartean01,NYK
Troy Murphy,murphtr01,2TM
Troy Murphy,murphtr01,NJN
Troy Murphy,murphtr01,BOS
Kyrylo Fesenko,fesenky01,UTA
Terrence Williams,willite01,2TM
Terrence Williams,willite01,NJN
Terrence Williams,willite01,HOU
Udonis Haslem,hasleud01,MIA
Jawad Williams,willija04,CLE
Steve Novak,novakst01,2TM
Steve Novak,novakst01,DAL
Steve Novak,novakst01,SAS
Ish Smith,smithis01,2TM
Ish Smith,smithis01,HOU
Ish Smith,smithis01,MEM
Tony Battie,battito01,PHI
Jason Collins,collija04,ATL
James Anderson,anderja01,SAS
Othyus Jeffers,jeffeot01,2TM
Othyus Jeffers,jeffeot01,SAS
Othyus Jeffers,jeffeot01,WAS
Hilton Armstrong,armsthi01,2TM
Hilton Armstrong,armsthi01,WAS
Hilton Armstrong,armsthi01,ATL
Luke Walton,waltolu01,LAL
Derrick Caracter,caracde01,LAL
Chris Quinn,quinnch01,SAS
Earl Barron,barroea01,3TM
Earl Barron,barroea01,PHO
Earl Barron,barroea01,MIL
Earl Barron,barroea01,POR
Jeremy Lin,linje01,GSW
Sasha Pavlović,pavloal01,3TM
Sasha Pavlović,pavloal01,DAL
Sasha Pavlović,pavloal01,NOH
Sasha Pavlović,pavloal01,BOS
Hamed Haddadi,haddaha01,MEM
Roger Mason,masonro01,NYK
DaJuan Summers,summeda01,DET
Jared Jeffries,jeffrja01,2TM
Jared Jeffries,jeffrja01,HOU
Jared Jeffries,jeffrja01,NYK
Melvin Ely,elyme01,DEN
Eduardo Nájera,najered01,CHA
Mehmet Okur,okurme01,UTA
Joel Przybilla,przybjo01,2TM
Joel Przybilla,przybjo01,POR
Joel Przybilla,przybjo01,CHA
Devin Ebanks,ebankde01,LAL
D.J. Mbenga,mbengdj01,NOH
Jeff Adrien,adrieje01,GSW
Quinton Ross,rossqu01,NJN
Garrett Temple,templga01,3TM
Garrett Temple,templga01,SAS
Garrett Temple,templga01,MIL
Garrett Temple,templga01,CHA
Jason Williams,willija02,2TM
Jason Williams,willija02,ORL
Jason Williams,willija02,MEM
Hasheem Thabeet,thabeha01,2TM
Hasheem Thabeet,thabeha01,MEM
Hasheem Thabeet,thabeha01,HOU
Avery Bradley,bradlav01,BOS
Yao Ming,mingya01,HOU
Mustafa Shakur,shakumu01,WAS
Sean Marks,marksse01,POR
Garret Siler,silerga01,PHO
Michael Redd,reddmi01,MIL
Dominique Jones,jonesdo02,DAL
Danny Green,greenda02,SAS
Royal Ivey,iveyro01,OKC
Larry Owens,owensla01,2TM
Larry Owens,owensla01,SAS
Larry Owens,owensla01,WAS
Lance Stephenson,stephla01,IND
Willie Warren,warrewi01,LAC
Luke Babbitt,babbilu01,POR
Jamaal Magloire,magloja01,MIA
Trey Johnson,johnstr01,2TM
Trey Johnson,johnstr01,TOR
Trey Johnson,johnstr01,LAL
Chris Johnson,johnsch03,2TM
Chris Johnson,johnsch03,POR
Chris Johnson,johnsch03,BOS
Charlie Bell,bellch01,GSW
Etan Thomas,thomaet01,ATL
Kyle Weaver,weaveky01,UTA
Byron Mullens,mulleby01,OKC
Malik Allen,allenma01,ORL
Mario West,westma02,NJN
DeSagana Diop,diopde01,CHA
Brian Scalabrine,scalabr01,CHI
Jarron Collins,collija03,2TM
Jarron Collins,collija03,LAC
Jarron Collins,collija03,POR
Cole Aldrich,aldrico01,OKC
Lester Hudson,hudsole01,WAS
Sherron Collins,collish01,CHA
Jason Kapono,kaponja01,PHI
Darius Songaila,songada01,PHI
Renaldo Balkman,balkmre01,2TM
Renaldo Balkman,balkmre01,DEN
Renaldo Balkman,balkmre01,NYK
Maurice Ager,agerma01,MIN
Hamady N'Diaye,ndiayha01,WAS
Ime Udoka,udokaim01,SAS
Jerry Stackhouse,stackje01,MIA
DeMarre Carroll,carrode01,2TM
DeMarre Carroll,carrode01,MEM
DeMarre Carroll,carrode01,HOU
Craig Brackins,brackcr01,PHI
Mike Harris,harrimi01,HOU
Andy Rautins,rautian01,NYK
Joe Smith,smithjo02,2TM
Joe Smith,smithjo02,NJN
Joe Smith,smithjo02,LAL
Fabricio Oberto,obertfa01,POR
Pape Sy,sypa01,ATL
Solomon Alabi,alabiso01,TOR
Marcus Banks,banksma01,TOR
Antonio Daniels,daniean01,PHI
Marcus Cousin,cousima01,UTA
Morris Peterson,petermo01,OKC
Patrick Ewing,ewingpa02,NOH
Orien Greene,greenor01,NJN
Ronald Dupree,duprero01,TOR
John Lucas III,lucasjo02,CHI
Pops Mensah-Bonsu,mensapo01,NOH
Dexter Pittman,pittmde01,MIA
Theo Ratliff,ratlith01,LAL
Antoine Wright,wrighan01,SAC
Gani Lawal,lawalga01,PHO
Bobby Simmons,simmobo01,SAS
Brian Skinner,skinnbr01,MIL
Hassan Whiteside,whiteha01,SAC
