Player,ID,Team
James Harden,hardeja01,HOU
Stephen Curry,curryst01,GSW
Russell Westbrook,westbru01,OKC
LeBron James,jamesle01,CLE
Damian Lillard,lillada01,POR
Klay Thompson,thompkl01,GSW
LaMarcus Aldridge,aldrila01,POR
Anthony Davis,davisan02,NOP
Kyrie Irving,irvinky01,CLE
Chris Paul,paulch01,LAC
Monta Ellis,ellismo01,DAL
Blake Griffin,griffbl01,LAC
Gordon Hayward,haywago01,UTA
Pau Gasol,gasolpa01,CHI
Rudy Gay,gayru01,SAC
Nikola Vučević,vucevni01,ORL
DeMarcus Cousins,couside01,SAC
Marc Gasol,gasolma01,MEM
John Wall,walljo01,WAS
Andrew Wiggins,wiggian01,MIN
Eric Bledsoe,bledser01,PHO
Dirk Nowitzki,nowitdi01,DAL
Dwyane Wade,wadedw01,MIA
Tyreke Evans,evansty01,NOP
Jimmy Butler,butleji01,CHI
Victor Oladipo,oladivi01,ORL
JJ Redick,redicjj01,LAC
Goran Dragić,dragigo01,2TM
Goran Dragić,dragigo01,PHO
Goran Dragić,dragigo01,MIA
Markieff Morris,morrima02,PHO
Kyle Lowry,lowryky01,TOR
Lou Williams,willilo02,TOR
Brook Lopez,lopezbr01,BRK
Kevin Love,loveke01,CLE
Paul Millsap,millspa01,ATL
DeMar DeRozan,derozde01,TOR
Derrick Favors,favorde01,UTA
Jeff Green,greenje02,2TM
Jeff Green,greenje02,BOS
Jeff Green,greenje02,MEM
Tobias Harris,harrito02,ORL
Enes Freedom,kanteen01,2TM
Enes Freedom,kanteen01,UTA
Enes Freedom,kanteen01,OKC
Jeff Teague,teaguje01,ATL
Al Horford,horfoal01,ATL
Joe Johnson,johnsjo02,BRK
Ty Lawson,lawsoty01,DEN
Zach Randolph,randoza01,MEM
Andre Drummond,drumman01,DET
Reggie Jackson,jacksre01,2TM
Reggie Jackson,jacksre01,OKC
Reggie Jackson,jacksre01,DET
Mike Conley,conlemi01,MEM
Isaiah Thomas,thomais02,2TM
Isaiah Thomas,thomais02,PHO
Isaiah Thomas,thomais02,BOS
Greg Monroe,monrogr01,DET
Wilson Chandler,chandwi01,DEN
Al Jefferson,jeffeal01,CHO
Kemba Walker,walkeke02,CHO
Avery Bradley,bradlav01,BOS
Thaddeus Young,youngth01,2TM
Thaddeus Young,youngth01,MIN
Thaddeus Young,youngth01,BRK
Tim Duncan,duncati01,SAS
Brandon Knight,knighbr03,2TM
Brandon Knight,knighbr03,MIL
Brandon Knight,knighbr03,PHO
Kawhi Leonard,leonaka01,SAS
Khris Middleton,middlkh01,MIL
Trevor Ariza,arizatr01,HOU
Kentavious Caldwell-Pope,caldwke01,DET
Chandler Parsons,parsoch01,DAL
Arron Afflalo,afflaar01,2TM
Arron Afflalo,afflaar01,DEN
Arron Afflalo,afflaar01,POR
Giannis Antetokounmpo,antetgi01,MIL
Josh Smith,smithjo03,2TM
Josh Smith,smithjo03,DET
Josh Smith,smithjo03,HOU
Jamal Crawford,crawfja01,LAC
Luol Deng,denglu01,MIA
Marcin Gortat,gortama01,WAS
Ben McLemore,mclembe01,SAC
Tony Parker,parketo01,SAS
Trey Burke,burketr01,UTA
Gerald Henderson,hendege02,CHO
Carmelo Anthony,anthoca01,NYK
Michael Carter-Williams,cartemi01,2TM
Michael Carter-Williams,cartemi01,PHI
Michael Carter-Williams,cartemi01,MIL
Mo Williams,willima01,2TM
Mo Williams,willima01,MIN
Mo Williams,willima01,CHO
Jonas Valančiūnas,valanjo01,TOR
Bradley Beal,bealbr01,WAS
Jarrett Jack,jackja01,BRK
Wesley Matthews,matthwe02,POR
Aaron Brooks,brookaa01,CHI
Kenneth Faried,farieke01,DEN
Danny Green,greenda02,SAS
DeAndre Jordan,jordade01,LAC
Robert Covington,covinro01,PHI
C.J. Miles,milescj01,IND
Dion Waiters,waitedi01,2TM
Dion Waiters,waitedi01,CLE
Dion Waiters,waitedi01,OKC
Chris Bosh,boshch01,MIA
Draymond Green,greendr01,GSW
Serge Ibaka,ibakase01,OKC
Corey Brewer,breweco01,2TM
Corey Brewer,breweco01,MIN
Corey Brewer,breweco01,HOU
Kyle Korver,korveky01,ATL
Derrick Rose,rosede01,CHI
Rodney Stuckey,stuckro01,IND
Gerald Green,greenge01,PHO
Deron Williams,willide01,BRK
DeMarre Carroll,carrode01,ATL
Paul Pierce,piercpa01,WAS
Brandon Bass,bassbr01,BOS
Donatas Motiejūnas,motiedo01,HOU
J.R. Smith,smithjr01,2TM
J.R. Smith,smithjr01,NYK
J.R. Smith,smithjr01,CLE
Marcus Morris,morrima03,PHO
Jordan Hill,hilljo01,LAL
Carlos Boozer,boozeca01,LAL
Ryan Anderson,anderry01,NOP
Nikola Mirotić,mirotni01,CHI
Tyler Zeller,zellety01,BOS
Jeremy Lin,linje01,LAL
Harrison Barnes,barneha02,GSW
Eric Gordon,gordoer01,NOP
Mario Chalmers,chalmma01,MIA
Terrence Ross,rosste01,TOR
O.J. Mayo,mayooj01,MIL
Tim Hardaway Jr.,hardati02,NYK
Roy Hibbert,hibbero01,IND
Marreese Speights,speigma01,GSW
Anthony Morrow,morroan01,OKC
Timofey Mozgov,mozgoti01,2TM
Timofey Mozgov,mozgoti01,DEN
Timofey Mozgov,mozgoti01,CLE
Kobe Bryant,bryanko01,LAL
Kevin Martin,martike02,MIN
Evan Turner,turneev01,BOS
Zach LaVine,lavinza01,MIN
Courtney Lee,leeco01,MEM
D.J. Augustin,augusdj01,2TM
D.J. Augustin,augusdj01,DET
D.J. Augustin,augusdj01,OKC
Greivis Vásquez,vasqugr01,TOR
Tyson Chandler,chandty01,DAL
Jared Sullinger,sullija01,BOS
David West,westda01,IND
Dennis Schröder,schrode01,ATL
Matt Barnes,barnema02,LAC
Luis Scola,scolalu01,IND
Wesley Johnson,johnswe01,LAL
Nerlens Noel,noelne01,PHI
Manu Ginóbili,ginobma01,SAS
Nenê,hilarne01,WAS
Danilo Gallinari,gallida01,DEN
Elfrid Payton,paytoel01,ORL
Solomon Hill,hillso01,IND
Darren Collison,collida01,SAC
Mason Plumlee,plumlma01,BRK
P.J. Tucker,tuckepj01,PHO
Gorgui Dieng,dienggo01,MIN
Boris Diaw,diawbo01,SAS
Jordan Clarkson,clarkjo01,LAL
Bojan Bogdanović,bogdabo02,BRK
Evan Fournier,fournev01,ORL
Amir Johnson,johnsam01,TOR
Tristan Thompson,thomptr01,CLE
George Hill,hillge01,IND
Kevin Durant,duranke01,OKC
Rudy Gobert,goberru01,UTA
Amar'e Stoudemire,stoudam01,2TM
Amar'e Stoudemire,stoudam01,NYK
Amar'e Stoudemire,stoudam01,DAL
Ersan İlyasova,ilyaser01,MIL
Devin Harris,harride01,DAL
Nicolas Batum,batumni01,POR
Jodie Meeks,meeksjo01,DET
Luc Mbah a Moute,mbahalu01,PHI
Ed Davis,davised01,LAL
Kelly Olynyk,olynyke01,BOS
Jason Smith,smithja02,NYK
Wayne Ellington,ellinwa01,LAL
Patrick Patterson,pattepa01,TOR
Dwight Howard,howardw01,HOU
Taj Gibson,gibsota01,CHI
Chris Kaman,kamanch01,POR
Brandon Jennings,jennibr01,DET
Jae Crowder,crowdja01,2TM
Jae Crowder,crowdja01,DAL
Jae Crowder,crowdja01,BOS
Hollis Thompson,thompho01,PHI
Derrick Williams,willide02,SAC
Rajon Rondo,rondora01,2TM
Rajon Rondo,rondora01,BOS
Rajon Rondo,rondora01,DAL
Zaza Pachulia,pachuza01,MIL
Beno Udrih,udrihbe01,MEM
Andre Iguodala,iguodan01,GSW
Jerryd Bayless,bayleje01,MIL
Michael Kidd-Gilchrist,kiddgmi01,CHO
Mike Dunleavy,dunlemi02,CHI
Omri Casspi,casspom01,SAC
Jrue Holiday,holidjr01,NOP
Henry Sims,simshe01,PHI
J.J. Barea,bareajo01,DAL
Rasual Butler,butlera01,WAS
Marvin Williams,willima02,CHO
Norris Cole,coleno01,2TM
Norris Cole,coleno01,MIA
Norris Cole,coleno01,NOP
C.J. Watson,watsocj01,IND
Marco Belinelli,belinma01,SAS
Patrick Beverley,beverpa01,HOU
Trevor Booker,booketr01,UTA
Robin Lopez,lopezro01,POR
Hassan Whiteside,whiteha01,MIA
Nick Young,youngni01,LAL
Ömer Aşık,asikom01,NOP
James Johnson,johnsja01,TOR
J.J. Hickson,hicksjj01,DEN
Channing Frye,fryech01,ORL
Alan Anderson,anderal01,BRK
Brandan Wright,wrighbr03,3TM
Brandan Wright,wrighbr03,DAL
Brandan Wright,wrighbr03,BOS
Brandan Wright,wrighbr03,PHO
Gary Neal,nealga01,2TM
Gary Neal,nealga01,CHO
Gary Neal,nealga01,MIN
Jason Terry,terryja01,HOU
Tony Allen,allento01,MEM
Quincy Pondexter,pondequ01,2TM
Quincy Pondexter,pondequ01,MEM
Quincy Pondexter,pondequ01,NOP
Steven Adams,adamsst01,OKC
Cory Joseph,josepco01,SAS
Langston Galloway,gallola01,NYK
Austin Rivers,riverau01,2TM
Austin Rivers,riverau01,NOP
Austin Rivers,riverau01,LAC
Mike Scott,scottmi01,ATL
Marcus Smart,smartma01,BOS
Jameer Nelson,nelsoja01,3TM
Jameer Nelson,nelsoja01,DAL
Jameer Nelson,nelsoja01,BOS
Jameer Nelson,nelsoja01,DEN
Kevin Séraphin,serapke01,WAS
Jared Dudley,dudleja01,MIL
Shabazz Muhammad,muhamsh01,MIN
Kris Humphries,humphkr01,WAS
Tony Wroten,wroteto01,PHI
Carl Landry,landrca01,SAC
Ray McCallum,mccalra01,SAC
Lance Stephenson,stephla01,CHO
Iman Shumpert,shumpim01,2TM
Iman Shumpert,shumpim01,NYK
Iman Shumpert,shumpim01,CLE
Jason Thompson,thompja02,SAC
K.J. McDaniels,mcdankj01,2TM
K.J. McDaniels,mcdankj01,PHI
K.J. McDaniels,mcdankj01,HOU
Joakim Noah,noahjo01,CHI
Anthony Tolliver,tollian01,2TM
Anthony Tolliver,tollian01,PHO
Anthony Tolliver,tollian01,DET
Brian Roberts,roberbr01,CHO
Kyle Singler,singlky01,2TM
Kyle Singler,singlky01,DET
Kyle Singler,singlky01,OKC
Cody Zeller,zelleco01,CHO
John Henson,hensojo01,MIL
Shane Larkin,larkish01,NYK
Leandro Barbosa,barbole01,GSW
Aron Baynes,baynear01,SAS
Shaun Livingston,livinsh01,GSW
Caron Butler,butleca01,DET
Chase Budinger,budinch01,MIN
Jonas Jerebko,jerebjo01,2TM
Jonas Jerebko,jerebjo01,DET
Jonas Jerebko,jerebjo01,BOS
Otto Porter Jr.,porteot01,WAS
Alexis Ajinça,ajincal01,NOP
Lance Thomas,thomala01,2TM
Lance Thomas,thomala01,OKC
Lance Thomas,thomala01,NYK
Randy Foye,foyera01,DEN
Tony Snell,snellto01,CHI
Alexey Shved,shvedal01,3TM
Alexey Shved,shvedal01,PHI
Alexey Shved,shvedal01,HOU
Alexey Shved,shvedal01,NYK
Tayshaun Prince,princta01,3TM
Tayshaun Prince,princta01,MEM
Tayshaun Prince,princta01,BOS
Tayshaun Prince,princta01,DET
Rodney Hood,hoodro01,UTA
Richard Jefferson,jefferi01,DAL
Alex Len,lenal01,PHO
Isaiah Canaan,canaais01,2TM
Isaiah Canaan,canaais01,HOU
Isaiah Canaan,canaais01,PHI
Andrea Bargnani,bargnan01,NYK
Tiago Splitter,splitti01,SAS
Jusuf Nurkić,nurkiju01,DEN
Spencer Hawes,hawessp01,LAC
CJ McCollum,mccolcj01,POR
Andrew Bogut,bogutan01,GSW
Kosta Koufos,koufoko01,MEM
Al-Farouq Aminu,aminual01,DAL
Jerami Grant,grantje01,PHI
Charlie Villanueva,villach01,DAL
Ramon Sessions,sessira01,2TM
Ramon Sessions,sessira01,SAC
Ramon Sessions,sessira01,WAS
Quincy Acy,acyqu01,NYK
Will Barton,bartowi01,2TM
Will Barton,bartowi01,POR
Will Barton,bartowi01,DEN
Joe Ingles,inglejo01,UTA
Dante Exum,exumda01,UTA
Donald Sloan,sloando01,IND
Kent Bazemore,bazemke01,ATL
David Lee,leeda02,GSW
Terrence Jones,joneste01,HOU
Nikola Peković,pekovni01,MIN
JaKarr Sampson,sampsja02,PHI
Vince Carter,cartevi01,MEM
Darrell Arthur,arthuda01,DEN
José Calderón,caldejo01,NYK
Marcus Thornton,thornma01,2TM
Marcus Thornton,thornma01,BOS
Marcus Thornton,thornma01,PHO
Tarik Black,blackta01,2TM
Tarik Black,blackta01,HOU
Tarik Black,blackta01,LAL
Kirk Hinrich,hinriki01,CHI
Alec Burks,burksal01,UTA
Pero Antić,anticpe01,ATL
Andre Miller,millean02,2TM
Andre Miller,millean02,WAS
Andre Miller,millean02,SAC
Patty Mills,millspa02,SAS
Steve Blake,blakest01,POR
Ben Gordon,gordobe01,ORL
Shawne Williams,willish03,2TM
Shawne Williams,willish03,MIA
Shawne Williams,willish03,DET
Dante Cunningham,cunnida01,NOP
Mirza Teletović,teletmi01,BRK
Cole Aldrich,aldrico01,NYK
Ish Smith,smithis01,2TM
Ish Smith,smithis01,OKC
Ish Smith,smithis01,PHI
Ryan Kelly,kellyry01,LAL
Meyers Leonard,leoname01,POR
Damjan Rudež,rudezda01,IND
Kevin Garnett,garneke01,2TM
Kevin Garnett,garneke01,BRK
Kevin Garnett,garneke01,MIN
Chris Andersen,anderch01,MIA
Matthew Dellavedova,dellama01,CLE
Nik Stauskas,stausni01,SAC
Lavoy Allen,allenla01,IND
James Ennis III,ennisja01,MIA
Chris Copeland,copelch01,IND
Jabari Parker,parkeja01,MIL
Thomas Robinson,robinth01,2TM
Thomas Robinson,robinth01,POR
Thomas Robinson,robinth01,PHI
Robert Sacre,sacrero01,LAL
Willie Green,greenwi01,ORL
Bismack Biyombo,biyombi01,CHO
Shelvin Mack,macksh01,ATL
Anthony Bennett,bennean01,MIN
Jeremy Lamb,lambje01,OKC
Glen Davis,davisgl01,LAC
Kyle O'Quinn,oquinky01,ORL
Miles Plumlee,plumlmi01,2TM
Miles Plumlee,plumlmi01,PHO
Miles Plumlee,plumlmi01,MIL
Jon Leuer,leuerjo01,MEM
Thabo Sefolosha,sefolth01,ATL
Drew Gooden,goodedr01,WAS
Shawn Marion,mariosh01,CLE
Pablo Prigioni,prigipa01,2TM
Pablo Prigioni,prigipa01,NYK
Pablo Prigioni,prigipa01,HOU
Nick Collison,collini01,OKC
Tyler Hansbrough,hansbty01,TOR
Ian Mahinmi,mahinia01,IND
Matt Bonner,bonnema01,SAS
Udonis Haslem,hasleud01,MIA
Shabazz Napier,napiesh01,MIA
Lou Amundson,amundlo01,2TM
Lou Amundson,amundlo01,CLE
Lou Amundson,amundlo01,NYK
Luke Babbitt,babbilu01,NOP
Anderson Varejão,varejan01,CLE
P.J. Hairston,hairspj02,CHO
Justin Holiday,holidju01,GSW
James Jones,jonesja02,CLE
Elijah Millsap,millsel01,UTA
Kendrick Perkins,perkike01,2TM
Kendrick Perkins,perkike01,OKC
Kendrick Perkins,perkike01,CLE
T.J. Warren,warretj01,PHO
Nick Calathes,calatni01,MEM
Aaron Gordon,gordoaa01,ORL
Alonzo Gee,geeal01,2TM
Alonzo Gee,geeal01,DEN
Alonzo Gee,geeal01,POR
Nate Robinson,robinna01,2TM
Nate Robinson,robinna01,DEN
Nate Robinson,robinna01,LAC
Hedo Türkoğlu,turkohe01,LAC
Archie Goodwin,goodwar01,PHO
Andre Roberson,roberan03,OKC
Jabari Brown,brownja01,LAL
Ricky Rubio,rubiori01,MIN
Ronnie Price,pricero01,LAL
Dorell Wright,wrighdo01,POR
Justin Hamilton,hamilju01,2TM
Justin Hamilton,hamilju01,MIA
Justin Hamilton,hamilju01,MIN
Markel Brown,brownma02,BRK
Dewayne Dedmon,dedmode01,ORL
Adreian Payne,paynead01,2TM
Adreian Payne,paynead01,ATL
Adreian Payne,paynead01,MIN
Michael Beasley,beaslmi01,MIA
Cleanthony Early,earlycl01,NYK
Garrett Temple,templga01,WAS
Jason Maxiell,maxieja01,CHO
Festus Ezeli,ezelife01,GSW
Mitch McGary,mcgarmi01,OKC
Travis Wear,weartr01,NYK
Robbie Hummel,hummero01,MIN
Mike Muscala,muscami01,ATL
Larry Sanders,sandela01,MIL
Andrew Nicholson,nichoan01,ORL
Tyler Johnson,johnsty01,MIA
Danny Granger,grangda01,MIA
Gary Harris,harriga01,DEN
Luke Ridnour,ridnolu01,ORL
Joey Dorsey,dorsejo01,HOU
Perry Jones,jonespe01,OKC
Cory Jefferson,jeffeco01,BRK
Kostas Papanikolaou,papanko01,HOU
Jimmer Fredette,fredeji01,NOP
Phil Pressey,pressph01,BOS
Reggie Evans,evansre01,SAC
Troy Daniels,danietr01,3TM
Troy Daniels,danietr01,HOU
Troy Daniels,danietr01,MIN
Troy Daniels,danietr01,CHO
Henry Walker,walkebi01,MIA
Jason Richardson,richaja01,PHI
Joel Freeland,freeljo01,POR
Allen Crabbe,crabbal01,POR
Jordan Farmar,farmajo01,LAC
Chris Johnson,johnsch04,3TM
Chris Johnson,johnsch04,PHI
Chris Johnson,johnsch04,UTA
Chris Johnson,johnsch04,MIL
Maurice Harkless,harklma01,ORL
Sergey Karasev,karasse01,BRK
E'Twaun Moore,mooreet01,CHI
Erick Green,greener01,DEN
Spencer Dinwiddie,dinwisp01,DET
Brandon Davies,daviebr01,2TM
Brandon Davies,daviebr01,PHI
Brandon Davies,daviebr01,BRK
Jerome Jordan,jordaje01,BRK
Jeff Ayres,pendeje02,SAS
Ryan Hollins,holliry01,SAC
Joe Harris,harrijo01,CLE
John Jenkins,jenkijo01,ATL
Sebastian Telfair,telfase01,OKC
A.J. Price,priceaj01,3TM
A.J. Price,priceaj01,IND
A.J. Price,priceaj01,CLE
A.J. Price,priceaj01,PHO
Austin Daye,dayeau01,2TM
Austin Daye,dayeau01,SAS
Austin Daye,dayeau01,ATL
Samuel Dalembert,dalemsa01,NYK
Jeff Taylor,tayloje03,CHO
Lorenzo Brown,brownlo01,MIN
Tyler Ennis,ennisty01,2TM
Tyler Ennis,ennisty01,PHO
Tyler Ennis,ennisty01,MIL
Kendall Marshall,marshke01,MIL
Doug McDermott,mcderdo01,CHI
Mike Miller,millemi01,CLE
Raymond Felton,feltora01,DAL
Martell Webster,webstma02,WAS
JaVale McGee,mcgeeja01,2TM
JaVale McGee,mcgeeja01,DEN
JaVale McGee,mcgeeja01,PHI
James Young,youngja01,BOS
Gigi Datome,datomlu01,2TM
Gigi Datome,datomlu01,DET
Gigi Datome,datomlu01,BOS
Johnny O'Bryant,obryajo01,MIL
John Lucas III,lucasjo02,DET
Jeff Withey,witheje01,NOP
Elton Brand,brandel01,ATL
Jordan Adams,adamsjo01,MEM
Furkan Aldemir,aldemfu01,PHI
Joffrey Lauvergne,lauvejo01,DEN
Jeremy Evans,evansje01,UTA
Ricky Ledo,ledori01,2TM
Ricky Ledo,ledori01,DAL
Ricky Ledo,ledori01,NYK
Dwight Powell,poweldw01,2TM
Dwight Powell,poweldw01,BOS
Dwight Powell,poweldw01,DAL
Joel Anthony,anthojo01,DET
Darius Morris,morrida01,BRK
Noah Vonleh,vonleno01,CHO
Bryce Cotton,cottobr01,UTA
Greg Smith,smithgr02,DAL
Kyle Anderson,anderky01,SAS
Nick Johnson,johnsni01,HOU
Glenn Robinson III,robingl02,2TM
Glenn Robinson III,robingl02,MIN
Glenn Robinson III,robingl02,PHI
Josh McRoberts,mcrobjo01,MIA
Reggie Bullock,bullore01,2TM
Reggie Bullock,bullore01,LAC
Reggie Bullock,bullore01,PHO
Steve Novak,novakst01,2TM
Steve Novak,novakst01,UTA
Steve Novak,novakst01,OKC
James Michael McAdoo,mcadoja01,GSW
JaMychal Green,greenja01,2TM
JaMychal Green,greenja01,SAS
JaMychal Green,greenja01,MEM
Jeff Adrien,adrieje01,MIN
Jarnell Stokes,stokeja01,MEM
Shayne Whittington,whittsh01,IND
Ian Clark,clarkia01,2TM
Ian Clark,clarkia01,UTA
Ian Clark,clarkia01,DEN
Tim Frazier,fraziti01,2TM
Tim Frazier,fraziti01,PHI
Tim Frazier,fraziti01,POR
DeJuan Blair,blairde01,WAS
Paul George,georgpa01,IND
Jorge Gutiérrez,gutiejo01,2TM
Jorge Gutiérrez,gutiejo01,BRK
Jorge Gutiérrez,gutiejo01,MIL
Dwight Buycks,buyckdw01,LAL
Toney Douglas,douglto01,NOP
Chuck Hayes,hayesch01,TOR
Larry Drew II,drewla02,PHI
Landry Fields,fieldla01,TOR
Francisco García,garcifr01,HOU
Malcolm Thomas,thomama01,PHI
Bernard James,jamesbe01,DAL
John Salmons,salmojo01,NOP
Nate Wolters,woltena01,2TM
Nate Wolters,woltena01,MIL
Nate Wolters,woltena01,NOP
Jannero Pargo,pargoja01,CHO
C.J. Wilcox,wilcocj01,LAC
Jordan Hamilton,hamiljo02,LAC
Devyn Marble,marblde01,ORL
Reggie Williams,willire02,SAS
Elliot Williams,williel01,2TM
Elliot Williams,williel01,UTA
Elliot Williams,williel01,NOP
Cartier Martin,martica01,DET
Jared Cunningham,cunnija01,LAC
Brendan Haywood,haywobr01,CLE
Gerald Wallace,wallage01,BOS
Earl Barron,barroea01,PHO
Clint Capela,capelca01,HOU
Brandon Rush,rushbr01,GSW
Russ Smith,smithru01,2TM
Russ Smith,smithru01,NOP
Russ Smith,smithru01,MEM
Ekpe Udoh,udohek01,LAC
Quincy Miller,millequ01,2TM
Quincy Miller,millequ01,SAC
Quincy Miller,millequ01,DET
Zoran Dragić,dragizo01,2TM
Zoran Dragić,dragizo01,PHO
Zoran Dragić,dragizo01,MIA
Earl Clark,clarkea01,BRK
Jack Cooley,cooleja01,UTA
Nazr Mohammed,mohamna01,CHI
Arinze Onuaku,onuakar01,MIN
Victor Claver,clavevi01,POR
Shavlik Randolph,randosh01,2TM
Shavlik Randolph,randosh01,PHO
Shavlik Randolph,randosh01,BOS
Vander Blue,blueva01,LAL
Will Bynum,bynumwi01,WAS
Sean Kilpatrick,kilpase01,MIN
Dahntay Jones,jonesda02,LAC
Shannon Brown,brownsh01,MIA
Xavier Henry,henryxa01,LAL
Ognjen Kuzmić,kuzmiog01,GSW
Kenyon Martin,martike01,MIL
Chris Douglas-Roberts,douglch01,LAC
Lester Hudson,hudsole01,LAC
Drew Gordon,gordodr01,PHI
Grant Jerrett,jerregr01,2TM
Grant Jerrett,jerregr01,OKC
Grant Jerrett,jerregr01,UTA
Will Cherry,cherrwi01,CLE
Greg Stiemsma,stiemgr01,TOR
Glen Rice Jr.,ricegl02,WAS
Cameron Bairstow,bairsca01,CHI
Bruno Caboclo,cabocbr01,TOR
Jerel McNeal,mcneaje01,PHO
Miroslav Raduljica,radulmi01,MIN
David Stockton,stockda01,SAC
Patrick Christopher,chrispa01,UTA
Gal Mekel,mekelga01,NOP
Toure' Murry,murryto01,2TM
Toure' Murry,murryto01,UTA
Toure' Murry,murryto01,WAS
Lucas Nogueira,noguelu01,TOR
Alex Kirk,kirkal01,CLE
Tyrus Thomas,thomaty01,MEM
Andre Dawkins,dawkian01,MIA
Jamaal Franklin,frankja01,DEN
Andrei Kirilenko,kirilan01,BRK
Sim Bhullar,bhullsi01,SAC
Darius Miller,milleda01,NOP
Eric Moreland,moreler01,SAC
Julius Randle,randlju01,LAL
Jerrelle Benimon,benimje01,UTA
Seth Curry,curryse01,PHO
Malcolm Lee,leema01,PHI
Kalin Lucas,lucaska01,MEM
Ronny Turiaf,turiaro01,MIN
David Wear,wearda01,SAC
