Player,ID,Team
Luka Dončić,doncilu01,DAL
Shai Gilgeous-Alexander,gilgesh01,OKC
Giannis Antetokounmpo,antetgi01,MIL
Jalen Brunson,brunsja01,NYK
Nikola Jokić,jokicni01,DEN
Anthony Edwards,edwaran01,MIN
Kevin Durant,duranke01,PHO
Jayson Tatum,tatumja01,BOS
De'Aaron Fox,foxde01,SAC
Stephen Curry,curryst01,GSW
DeMar DeRozan,derozde01,CHI
Anthony Davis,davisan02,LAL
Devin Booker,bookede01,PHO
LeBron James,jamesle01,LAL
Tyrese Maxey,maxeyty01,PHI
Paolo Banchero,banchpa01,ORL
Damian Lillard,lillada01,MIL
Dejounte Murray,murrade01,ATL
Pascal Siakam,siakapa01,2TM
Pascal Siakam,siakapa01,TOR
Pascal Siakam,siakapa01,IND
Paul George,georgpa01,LAC
Kawhi Leonard,leonaka01,LAC
Jaylen Brown,brownja02,BOS
Jalen Green,greenja05,HOU
Mikal Bridges,bridgmi01,BRK
Zion Williamson,willizi01,NOP
Domantas Sabonis,sabondo01,SAC
Kyle Kuzma,kuzmaky01,WAS
Victor Wembanyama,wembavi01,SAS
Coby White,whiteco01,CHI
Kyrie Irving,irvinky01,DAL
Jaren Jackson Jr.,jacksja02,MEM
Cam Thomas,thomaca02,BRK
Donovan Mitchell,mitchdo01,CLE
Collin Sexton,sextoco01,UTA
Miles Bridges,bridgmi02,CHO
Franz Wagner,wagnefr01,ORL
Cade Cunningham,cunnica01,DET
Tyrese Haliburton,halibty01,IND
Trae Young,youngtr01,ATL
Klay Thompson,thompkl01,GSW
Nikola Vučević,vucevni01,CHI
D'Angelo Russell,russeda01,LAL
Bam Adebayo,adebaba01,MIA
Chet Holmgren,holmgch01,OKC
Jordan Poole,poolejo01,WAS
Michael Porter Jr.,portemi01,DEN
Jalen Williams,willija06,OKC
Joel Embiid,embiijo01,PHI
Karl-Anthony Towns,townska01,MIN
Bogdan Bogdanović,bogdabo01,ATL
Brandon Ingram,ingrabr01,NOP
Alperen Sengun,sengual01,HOU
Devin Vassell,vassede01,SAS
CJ McCollum,mccolcj01,NOP
Myles Turner,turnemy01,IND
Austin Reaves,reaveau01,LAL
Brandon Miller,millebr02,CHO
Lauri Markkanen,markkla01,UTA
Jarrett Allen,allenja01,CLE
Fred VanVleet,vanvlfr01,HOU
Donte DiVincenzo,divindo01,NYK
Jamal Murray,murraja01,DEN
Jimmy Butler,butleji01,MIA
Terry Rozier,roziete01,2TM
Terry Rozier,roziete01,CHO
Terry Rozier,roziete01,MIA
Tobias Harris,harrito02,PHI
James Harden,hardeja01,LAC
Scottie Barnes,barnesc01,TOR
Jonathan Kuminga,kuminjo01,GSW
Jaden Ivey,iveyja01,DET
Keegan Murray,murrake02,SAC
RJ Barrett,barrerj01,2TM
RJ Barrett,barrerj01,NYK
RJ Barrett,barrerj01,TOR
Immanuel Quickley,quickim01,2TM
Immanuel Quickley,quickim01,NYK
Immanuel Quickley,quickim01,TOR
Kristaps Porziņģis,porzikr01,BOS
Tim Hardaway Jr.,hardati02,DAL
Jerami Grant,grantje01,POR
Bobby Portis,portibo01,MIL
Dennis Schröder,schrode01,2TM
Dennis Schröder,schrode01,TOR
Dennis Schröder,schrode01,BRK
Malik Monk,monkma01,SAC
Derrick White,whitede01,BOS
Deni Avdija,avdijde01,WAS
Julius Randle,randlju01,NYK
Naz Reid,reidna01,MIN
Keldon Johnson,johnske04,SAS
Corey Kispert,kispeco01,WAS
Rudy Gobert,goberru01,MIN
Norman Powell,powelno01,LAC
Kelly Oubre Jr.,oubreke01,PHI
Jabari Smith Jr.,smithja05,HOU
Anfernee Simons,simonan01,POR
Darius Garland,garlada01,CLE
John Collins,collijo01,UTA
Grayson Allen,allengr01,PHO
Aaron Gordon,gordoaa01,DEN
Buddy Hield,hieldbu01,2TM
Buddy Hield,hieldbu01,IND
Buddy Hield,hieldbu01,PHI
Jonas Valančiūnas,valanjo01,NOP
Harrison Barnes,barneha02,SAC
Desmond Bane,banede01,MEM
Brook Lopez,lopezbr01,MIL
Josh Giddey,giddejo01,OKC
Keyonte George,georgke01,UTA
Gary Trent Jr.,trentga02,TOR
Bradley Beal,bealbr01,PHO
Caris LeVert,leverca01,CLE
Jalen Suggs,suggsja01,ORL
Jordan Clarkson,clarkjo01,UTA
Andrew Wiggins,wiggian01,GSW
P.J. Washington,washipj01,2TM
P.J. Washington,washipj01,CHO
P.J. Washington,washipj01,DAL
Cole Anthony,anthoco01,ORL
Ayo Dosunmu,dosunay01,CHI
Rui Hachimura,hachiru01,LAL
Deandre Ayton,aytonde01,POR
Dillon Brooks,brookdi01,HOU
Jalen Johnson,johnsja05,ATL
De'Andre Hunter,huntede01,ATL
Malik Beasley,beaslma01,MIL
Jaime Jaquez Jr.,jaqueja01,MIA
Aaron Nesmith,nesmiaa01,IND
Tyler Herro,herroty01,MIA
Duncan Robinson,robindu01,MIA
Mike Conley,conlemi01,MIN
Scoot Henderson,hendesc01,POR
Moritz Wagner,wagnemo01,ORL
Bojan Bogdanović,bogdabo02,2TM
Bojan Bogdanović,bogdabo02,DET
Bojan Bogdanović,bogdabo02,NYK
Saddiq Bey,beysa01,ATL
Jeremy Sochan,sochaje01,SAS
Luguentz Dort,dortlu01,OKC
Jrue Holiday,holidjr01,BOS
Bennedict Mathurin,mathube01,IND
Max Strus,strusma01,CLE
Obi Toppin,toppiob01,IND
Trey Murphy III,murphtr02,NOP
Nic Claxton,claxtni01,BRK
Jalen Duren,durenja01,DET
Herbert Jones,joneshe01,NOP
Clint Capela,capelca01,ATL
Reggie Jackson,jacksre01,DEN
Jusuf Nurkić,nurkiju01,PHO
Khris Middleton,middlkh01,MIL
Daniel Gafford,gaffoda01,2TM
Daniel Gafford,gaffoda01,WAS
Daniel Gafford,gaffoda01,DAL
Spencer Dinwiddie,dinwisp01,2TM
Spencer Dinwiddie,dinwisp01,BRK
Spencer Dinwiddie,dinwisp01,LAL
Ivica Zubac,zubaciv01,LAC
Tyus Jones,jonesty01,WAS
Payton Pritchard,pritcpa01,BOS
Evan Mobley,mobleev01,CLE
Grant Williams,willigr01,2TM
Grant Williams,willigr01,DAL
Grant Williams,willigr01,CHO
Zach Collins,colliza01,SAS
Cameron Johnson,johnsca02,BRK
Tre Jones,jonestr01,SAS
Georges Niang,niangge01,CLE
Kentavious Caldwell-Pope,caldwke01,DEN
Kelly Olynyk,olynyke01,2TM
Kelly Olynyk,olynyke01,UTA
Kelly Olynyk,olynyke01,TOR
Josh Hart,hartjo01,NYK
Jaden McDaniels,mcdanja02,MIN
Russell Westbrook,westbru01,LAC
Eric Gordon,gordoer01,PHO
OG Anunoby,anunoog01,2TM
OG Anunoby,anunoog01,TOR
OG Anunoby,anunoog01,NYK
T.J. McConnell,mccontj01,IND
Bruce Brown,brownbr01,2TM
Bruce Brown,brownbr01,IND
Bruce Brown,brownbr01,TOR
Alex Caruso,carusal01,CHI
Sam Hauser,hausesa01,BOS
GG Jackson II,jacksgg01,MEM
Taurean Prince,princta02,LAL
Simone Fontecchio,fontesi01,2TM
Simone Fontecchio,fontesi01,UTA
Simone Fontecchio,fontesi01,DET
Malaki Branham,branhma01,SAS
Alec Burks,burksal01,2TM
Alec Burks,burksal01,DET
Alec Burks,burksal01,NYK
Brandin Podziemski,podzibr01,GSW
Andre Drummond,drumman01,CHI
Terance Mann,mannte01,LAC
Derrick Jones Jr.,jonesde02,DAL
Nickeil Alexander-Walker,alexani01,MIN
Kevin Huerter,huertke01,SAC
Santi Aldama,aldamsa01,MEM
Nick Richards,richani01,CHO
Isaac Okoro,okorois01,CLE
Caleb Martin,martica02,MIA
Jabari Walker,walkeja01,POR
Isaiah Joe,joeis01,OKC
Andrew Nembhard,nembhan01,IND
Duop Reath,reathdu01,POR
Malcolm Brogdon,brogdma01,POR
Royce O'Neale,onealro01,2TM
Royce O'Neale,onealro01,BRK
Royce O'Neale,onealro01,PHO
Wendell Carter Jr.,cartewe01,ORL
Jalen Smith,smithja04,IND
Christian Braun,braunch01,DEN
Paul Reed,reedpa01,PHI
Amen Thompson,thompam01,HOU
Marcus Sasser,sassema01,DET
Marvin Bagley III,baglema01,2TM
Marvin Bagley III,baglema01,DET
Marvin Bagley III,baglema01,WAS
Isaiah Hartenstein,harteis01,NYK
Dorian Finney-Smith,finnedo01,BRK
Cam Whitmore,whitmca01,HOU
Cameron Payne,payneca01,2TM
Cameron Payne,payneca01,MIL
Cameron Payne,payneca01,PHI
Lonnie Walker IV,walkelo01,BRK
Precious Achiuwa,achiupr01,2TM
Precious Achiuwa,achiupr01,TOR
Precious Achiuwa,achiupr01,NYK
Al Horford,horfoal01,BOS
Miles McBride,mcbrimi01,NYK
Onyeka Okongwu,okongon01,ATL
Cason Wallace,wallaca01,OKC
Dalano Banton,bantoda01,2TM
Dalano Banton,bantoda01,BOS
Dalano Banton,bantoda01,POR
Ausar Thompson,thompau01,DET
Jakob Poeltl,poeltja01,TOR
Aaron Wiggins,wiggiaa01,OKC
Trayce Jackson-Davis,jackstr02,GSW
Moses Moody,moodymo01,GSW
Chris Paul,paulch01,GSW
Bilal Coulibaly,coulibi01,WAS
Peyton Watson,watsope01,DEN
Jaden Hardy,hardyja02,DAL
Toumani Camara,camarto01,POR
LaMelo Ball,ballla01,CHO
Jordan Hawkins,hawkijo01,NOP
Vince Williams Jr.,willivi01,MEM
Walker Kessler,kesslwa01,UTA
Talen Horton-Tucker,hortota01,UTA
Dario Šarić,saricda01,GSW
Aaron Holiday,holidaa01,HOU
Gradey Dick,dickgr01,TOR
Shaedon Sharpe,sharpsh01,POR
Jeff Green,greenje02,HOU
Kyle Anderson,anderky01,MIN
Julian Champagnie,champju02,SAS
Isaiah Stewart,stewais01,DET
Gordon Hayward,haywago01,2TM
Gordon Hayward,haywago01,CHO
Gordon Hayward,haywago01,OKC
Cedi Osman,osmande01,SAS
Zach LaVine,lavinza01,CHI
Kyle Lowry,lowryky01,2TM
Kyle Lowry,lowryky01,MIA
Kyle Lowry,lowryky01,PHI
Kevin Love,loveke01,MIA
Sam Merrill,merrisa01,CLE
Dereck Lively II,livelde01,DAL
Draymond Green,greendr01,GSW
Josh Green,greenjo02,DAL
Naji Marshall,marshna01,NOP
Amir Coffey,coffeam01,LAC
Ochai Agbaji,agbajoc01,2TM
Ochai Agbaji,agbajoc01,UTA
Ochai Agbaji,agbajoc01,TOR
Patrick Beverley,beverpa01,2TM
Patrick Beverley,beverpa01,PHI
Patrick Beverley,beverpa01,MIL
James Wiseman,wisemja01,DET
Trendon Watford,watfotr01,BRK
Luke Kennard,kennalu01,MEM
Patrick Williams,willipa01,CHI
Pat Connaughton,connapa01,MIL
Dante Exum,exumda01,DAL
Josh Richardson,richajo01,MIA
David Roddy,roddyda01,2TM
David Roddy,roddyda01,MEM
David Roddy,roddyda01,PHO
Vasilije Micić,micicva01,2TM
Vasilije Micić,micicva01,OKC
Vasilije Micić,micicva01,CHO
De'Anthony Melton,meltode01,PHI
Ziaire Williams,willizi02,MEM
Trey Lyles,lylestr01,SAC
Day'Ron Sharpe,sharpda01,BRK
Haywood Highsmith,highsha01,MIA
Jose Alvarado,alvarjo01,NOP
Jonathan Isaac,isaacjo01,ORL
Isaiah Jackson,jacksis01,IND
Tre Mann,manntr01,2TM
Tre Mann,manntr01,OKC
Tre Mann,manntr01,CHO
Malachi Flynn,flynnma01,3TM
Malachi Flynn,flynnma01,TOR
Malachi Flynn,flynnma01,NYK
Malachi Flynn,flynnma01,DET
Drew Eubanks,eubandr01,PHO
Jake LaRavia,laravja01,MEM
Davion Mitchell,mitchda01,SAC
Kris Murray,murrakr01,POR
Daniel Theis,theisda01,2TM
Daniel Theis,theisda01,IND
Daniel Theis,theisda01,LAC
Gary Harris,harriga01,ORL
Dennis Smith Jr.,smithde03,BRK
Jordan Goodwin,goodwjo01,2TM
Jordan Goodwin,goodwjo01,PHO
Jordan Goodwin,goodwjo01,MEM
Jordan Nwora,nworajo01,2TM
Jordan Nwora,nworajo01,IND
Jordan Nwora,nworajo01,TOR
Quentin Grimes,grimequ01,2TM
Quentin Grimes,grimequ01,NYK
Quentin Grimes,grimequ01,DET
Jevon Carter,carteje01,CHI
Kris Dunn,dunnkr01,UTA
Dyson Daniels,daniedy01,NOP
Matisse Thybulle,thybuma01,POR
Nikola Jović,jovicni01,MIA
Doug McDermott,mcderdo01,2TM
Doug McDermott,mcderdo01,SAS
Doug McDermott,mcderdo01,IND
Larry Nance Jr.,nancela02,NOP
Christian Wood,woodch01,LAL
Markelle Fultz,fultzma01,ORL
Luke Kornet,kornelu01,BOS
Kevon Looney,looneke01,GSW
Chimezie Metu,metuch01,2TM
Chimezie Metu,metuch01,PHO
Chimezie Metu,metuch01,DET
Landry Shamet,shamela01,WAS
Garrison Mathews,mathega01,ATL
Kenrich Williams,willike04,OKC
Chris Boucher,bouchch01,TOR
Nicolas Batum,batumni01,2TM
Nicolas Batum,batumni01,LAC
Nicolas Batum,batumni01,PHI
Anthony Black,blackan01,ORL
Marcus Morris,morrima03,2TM
Marcus Morris,morrima03,PHI
Marcus Morris,morrima03,CLE
Jae Crowder,crowdja01,MIL
Goga Bitadze,bitadgo01,ORL
Keon Ellis,elliske01,SAC
Torrey Craig,craigto01,CHI
Jaxson Hayes,hayesja02,LAL
Bryce McGowens,mcgowbr01,CHO
Nick Smith Jr.,smithni01,CHO
Joe Ingles,inglejo01,ORL
Taylor Hendricks,hendrita0,UTA
Dean Wade,wadede01,CLE
Dāvis Bertāns,bertada01,2TM
Dāvis Bertāns,bertada01,OKC
Dāvis Bertāns,bertada01,CHO
Killian Hayes,hayeski01,DET
Marcus Smart,smartma01,MEM
Craig Porter Jr.,portecr01,CLE
Max Christie,chrisma02,LAL
Xavier Tillman Sr.,tillmxa01,2TM
Xavier Tillman Sr.,tillmxa01,MEM
Xavier Tillman Sr.,tillmxa01,BOS
Bruno Fernando,fernabr01,ATL
Danilo Gallinari,gallida01,3TM
Danilo Gallinari,gallida01,WAS
Danilo Gallinari,gallida01,DET
Danilo Gallinari,gallida01,MIL
Josh Okogie,okogijo01,PHO
Jaylin Williams,willija07,OKC
Jock Landale,landajo01,HOU
Lamar Stevens,stevela01,2TM
Lamar Stevens,stevela01,BOS
Lamar Stevens,stevela01,MEM
Scotty Pippen Jr.,pippesc02,MEM
Blake Wesley,weslebl01,SAS
Jae'Sean Tate,tateja01,HOU
Cam Reddish,reddica01,LAL
Bones Hyland,hylanbo01,LAC
Mo Bamba,bambamo01,PHI
Caleb Houstan,houstca01,ORL
A.J. Green,greenaj01,MIL
Ben Sheppard,sheppbe01,IND
Jared Butler,butleja02,WAS
Troy Brown Jr.,browntr01,2TM
Troy Brown Jr.,browntr01,MIN
Troy Brown Jr.,browntr01,DET
Mason Plumlee,plumlma01,LAC
Mark Williams,willima07,CHO
Brice Sensabaugh,sensabr01,UTA
Gary Payton II,paytoga02,GSW
John Konchar,konchjo01,MEM
Justin Holiday,holidju01,DEN
Chris Duarte,duartch01,SAC
Julian Strawther,strawju01,DEN
Ja Morant,moranja01,MEM
Seth Curry,curryse01,2TM
Seth Curry,curryse01,DAL
Seth Curry,curryse01,CHO
Sasha Vezenkov,vezenal01,SAC
KJ Martin,martike04,2TM
KJ Martin,martike04,LAC
KJ Martin,martike04,PHI
Bol Bol,bolbo01,PHO
Kevin Knox,knoxke01,DET
Omer Yurtseven,yurtsom01,UTA
Evan Fournier,fournev01,2TM
Evan Fournier,fournev01,NYK
Evan Fournier,fournev01,DET
Thomas Bryant,bryanth01,MIA
Shake Milton,miltosh01,3TM
Shake Milton,miltosh01,MIN
Shake Milton,miltosh01,DET
Shake Milton,miltosh01,NYK
Tari Eason,easonta01,HOU
Jalen Wilson,wilsoja03,BRK
MarJon Beauchamp,beaucma01,MIL
Cody Martin,martico01,CHO
Delon Wright,wrighde01,2TM
Delon Wright,wrighde01,WAS
Delon Wright,wrighde01,MIA
Dwight Powell,poweldw01,DAL
Eugene Omoruyi,omorueu01,WAS
Oshae Brissett,brissos01,BOS
JT Thor,thorjt01,CHO
Richaun Holmes,holmeri01,2TM
Richaun Holmes,holmeri01,DAL
Richaun Holmes,holmeri01,WAS
Keita Bates-Diop,bateske01,2TM
Keita Bates-Diop,bateske01,PHO
Keita Bates-Diop,bateske01,BRK
Jordan McLaughlin,mclaujo01,MIN
Maxi Kleber,klebima01,DAL
Derrick Rose,rosede01,MEM
Sandro Mamukelashvili,mamuksa01,SAS
Anthony Gill,gillan01,WAS
Zeke Nnaji,nnajize01,DEN
JaVale McGee,mcgeeja01,SAC
Dalen Terry,terryda01,CHI
Luka Šamanić,samanlu01,UTA
Bismack Biyombo,biyombi01,2TM
Bismack Biyombo,biyombi01,MEM
Bismack Biyombo,biyombi01,OKC
Ricky Council IV,councri01,PHI
Jacob Gilyard,gilyaja01,2TM
Jacob Gilyard,gilyaja01,MEM
Jacob Gilyard,gilyaja01,BRK
Mitchell Robinson,robinmi01,NYK
Trey Jemison,jemistr01,2TM
Trey Jemison,jemistr01,WAS
Trey Jemison,jemistr01,MEM
Jalen McDaniels,mcdanja01,TOR
Patrick Baldwin Jr.,baldwpa01,WAS
Brandon Boston Jr.,bostobr01,LAC
Lester Quiñones,quinole01,GSW
Monte Morris,morrimo01,2TM
Monte Morris,morrimo01,DET
Monte Morris,morrimo01,MIN
Jaden Springer,sprinja01,2TM
Jaden Springer,sprinja01,PHI
Jaden Springer,sprinja01,BOS
Svi Mykhailiuk,mykhasv01,BOS
Tristan Thompson,thomptr01,CLE
Mike Muscala,muscami01,3TM
Mike Muscala,muscami01,WAS
Mike Muscala,muscami01,DET
Mike Muscala,muscami01,OKC
Rayan Rupert,ruperra01,POR
Skylar Mays,mayssk01,2TM
Skylar Mays,mayssk01,POR
Skylar Mays,mayssk01,LAL
Neemias Queta,quetane01,BOS
Javon Freeman-Liberty,freemja01,TOR
Johnny Davis,davisjo06,WAS
Nassir Little,littlna01,PHO
Matt Ryan,ryanma01,NOP
Jarred Vanderbilt,vandeja01,LAL
Aleksej Pokusevski,pokusal01,2TM
Aleksej Pokusevski,pokusal01,OKC
Aleksej Pokusevski,pokusal01,CHO
Dominick Barlow,barlodo01,SAS
Danuel House Jr.,houseda01,PHI
Johnny Juzang,juzanjo01,UTA
DeAndre Jordan,jordade01,DEN
Ish Smith,smithis01,CHO
Lindy Waters III,waterli01,OKC
Thaddeus Young,youngth01,2TM
Thaddeus Young,youngth01,TOR
Thaddeus Young,youngth01,PHO
A.J. Lawson,lawsoaj01,DAL
Vit Krejci,krejcvi01,ATL
Noah Clowney,clownno01,BRK
Ousmane Dieng,diengou01,OKC
Stanley Umude,umudest01,DET
Robert Covington,covinro01,2TM
Robert Covington,covinro01,LAC
Robert Covington,covinro01,PHI
Patty Mills,millspa02,2TM
Patty Mills,millspa02,ATL
Patty Mills,millspa02,MIA
Andre Jackson Jr.,jacksan01,MIL
Olivier-Maxence Prosper,prospol01,DAL
Alex Len,lenal01,SAC
Jarace Walker,walkeja02,IND
Yuta Watanabe,watanyu01,2TM
Yuta Watanabe,watanyu01,PHO
Yuta Watanabe,watanyu01,MEM
Jontay Porter,portejo01,TOR
Jeremiah Robinson-Earl,robinje02,NOP
Devonte' Graham,grahade01,SAS
Isaiah Livers,liveris01,DET
Javonte Green,greenja02,CHI
Wesley Matthews,matthwe02,ATL
Damian Jones,jonesda03,CLE
Chuma Okeke,okekech01,ORL
Tosan Evbuomwan,evbuoto01,2TM
Tosan Evbuomwan,evbuoto01,MEM
Tosan Evbuomwan,evbuoto01,DET
Luka Garza,garzalu01,MIN
Orlando Robinson,robinor01,MIA
Jamal Cain,cainja01,MIA
Reggie Bullock,bullore01,HOU
Kenneth Lofton Jr.,loftoke01,3TM
Kenneth Lofton Jr.,loftoke01,MEM
Kenneth Lofton Jr.,loftoke01,PHI
Kenneth Lofton Jr.,loftoke01,UTA
Kessler Edwards,edwarke02,SAC
Ben Simmons,simmobe01,BRK
Jericho Sims,simsje01,NYK
Kobe Brown,brownko01,LAC
Justin Champagnie,champju01,WAS
Julian Phillips,phillju01,CHI
Kira Lewis Jr.,lewiski01,3TM
Kira Lewis Jr.,lewiski01,NOP
Kira Lewis Jr.,lewiski01,TOR
Kira Lewis Jr.,lewiski01,UTA
Furkan Korkmaz,korkmfu01,PHI
Garrett Temple,templga01,TOR
Collin Gillespie,gilleco01,DEN
Tristan Vukcevic,vukcetr01,WAS
Trent Forrest,forretr01,ATL
Jared Rhoden,rhodeja01,DET
Gui Santos,santogu01,GSW
Kobe Bufkin,bufkiko01,ATL
Jaylen Nowell,nowelja01,2TM
Jaylen Nowell,nowelja01,MEM
Jaylen Nowell,nowelja01,DET
Onuralp Bitim,bitimon01,CHI
Ashton Hagans,haganas01,POR
Cody Zeller,zelleco01,NOP
Moses Brown,brownmo01,POR
Jules Bernard,bernaju01,WAS
Saben Lee,leesa01,PHO
Leaky Black,blackle01,CHO
Brandon Clarke,clarkbr01,MEM
Markieff Morris,morrima02,DAL
Colby Jones,jonesco02,SAC
Charles Bassey,bassech01,SAS
Cory Joseph,josepco01,GSW
Jeenathan Williams,willije02,HOU
Justin Minaya,minayju01,POR
Théo Maledon,maledth01,2TM
Théo Maledon,maledth01,CHO
Théo Maledon,maledth01,PHO
Harry Giles,gilesha01,2TM
Harry Giles,gilesha01,BRK
Harry Giles,gilesha01,LAL
Brandon Williams,willibr03,DAL
Micah Potter,pottemi01,UTA
Jeff Dowtin,dowtije01,PHI
Terquavion Smith,smithte01,PHI
P.J. Tucker,tuckepj01,2TM
P.J. Tucker,tuckepj01,PHI
P.J. Tucker,tuckepj01,LAC
James Bouknight,bouknja01,CHO
Josh Minott,minotjo01,MIN
Darius Bazley,bazleda01,2TM
Darius Bazley,bazleda01,PHI
Darius Bazley,bazleda01,UTA
AJ Griffin,griffaj01,ATL
Mãozinha Pereira,pereima01,MEM
Jahmi'us Ramsey,ramseja01,TOR
Terry Taylor,taylote01,CHI
Sidy Cissoko,cissosi01,SAS
Boban Marjanović,marjabo01,HOU
Ryan Rollins,rolliry01,2TM
Ryan Rollins,rolliry01,WAS
Ryan Rollins,rolliry01,MIL
DeJon Jarreau,jarrede01,MEM
Dylan Windler,windldy01,3TM
Dylan Windler,windldy01,NYK
Dylan Windler,windldy01,LAL
Dylan Windler,windldy01,ATL
Armoni Brooks,brookar01,BRK
Jalen Pickett,pickeja02,DEN
Zavier Simpson,simpsza01,MEM
Cole Swider,swideco01,MIA
Emoni Bates,batesem01,CLE
T.J. Warren,warretj01,MIN
Robert Williams,williro04,POR
Trevelin Queen,queentr01,ORL
Joe Harris,harrijo01,DET
Otto Porter Jr.,porteot01,TOR
Dru Smith,smithdr01,MIA
Marques Bolden,boldema01,2TM
Marques Bolden,boldema01,MIL
Marques Bolden,boldema01,CHO
Adama Sanogo,sanogad01,CHI
Udoka Azubuike,azubuud01,PHO
Ibou Badji,badjiib01,POR
Buddy Boeheim,boehebu01,DET
Jalen Hood-Schifino,hoodsja01,LAL
Olivier Sarr,sarrol01,OKC
Gabe Vincent,vincega01,LAL
Taj Gibson,gibsota01,2TM
Taj Gibson,gibsota01,NYK
Taj Gibson,gibsota01,DET
Nate Hinton,hintona01,HOU
Nathan Mensah,mensana01,CHO
Xavier Moon,moonxa01,LAC
Thanasis Antetokounmpo,antetth01,MIL
Matthew Hurt,hurtma01,MEM
Keon Johnson,johnske07,BRK
Jerome Robinson,robinje01,GSW
Moussa Diabaté,diabamo01,LAC
Jett Howard,howarje01,ORL
Leonard Miller,millele01,MIN
Daishen Nix,nixda01,MIN
David Duke Jr.,dukeda01,SAS
Mouhamadou Gueye,gueyemo01,TOR
Chris Livingston,livinch01,MIL
Admiral Schofield,schofad01,ORL
Oscar Tshiebwe,tshieos01,IND
Colin Castleton,castlco01,LAL
Mouhamed Gueye,gueyemo02,ATL
Amari Bailey,baileam01,CHO
RaiQuan Gray,grayra01,SAS
Jay Huff,huffja01,DEN
Isaiah Mobley,mobleis01,CLE
Ish Wainright,wainris01,2TM
Ish Wainright,wainris01,POR
Ish Wainright,wainris01,PHO
Dexter Dennis,dennide01,DAL
Braxton Key,keybr01,DEN
Kendall Brown,brownke03,IND
Jamaree Bouyea,bouyeja01,2TM
Jamaree Bouyea,bouyeja01,POR
Jamaree Bouyea,bouyeja01,SAS
Jermaine Samuels,samueje01,HOU
Kobi Simmons,simmoko01,TOR
Hunter Tyson,tysonhu01,DEN
Malik Williams,willima11,TOR
Robin Lopez,lopezro01,MIL
Taze Moore,mooreta02,POR
Wendell Moore Jr.,moorewe01,MIN
Wenyen Gabriel,gabriwe01,MEM
JD Davison,davisjd01,BOS
Greg Brown III,browngr01,DAL
Jordan Walsh,walshjo01,BOS
Alex Fudge,fudgeal01,2TM
Alex Fudge,fudgeal01,LAL
Alex Fudge,fudgeal01,DAL
D'Moi Hodge,hodgedm01,LAL
DaQuan Jeffries,jeffrda01,NYK
Seth Lundy,lundyse01,ATL
Dereon Seabron,seabrde01,NOP
TyTy Washington Jr.,washity02,MIL
Timmy Allen,allenti01,MEM
Jordan Miller,millejo02,LAC
Jacob Toppin,toppija01,NYK
Mamadi Diakite,diakima01,2TM
Mamadi Diakite,diakima01,SAS
Mamadi Diakite,diakima01,NYK
Jordan Ford,fordjo01,SAC
Jason Preston,prestja01,UTA
D.J. Carton,cartodj01,TOR
Henri Drell,drellhe01,CHI
Keyontae Johnson,johnske08,OKC
Maxwell Lewis,lewisma05,LAL
Drew Peterson,peterdr01,BOS
R.J. Hampton,hamptrj01,MIA
D.J. Wilson,wilsodj01,PHI
James Johnson,johnsja01,IND
Jalen Slawson,slawsja01,SAC
Isaiah Thomas,thomais02,PHO
Mason Jones,jonesma05,SAC
Juan Toscano-Anderson,toscaju01,SAC
Charlie Brown Jr.,brownch02,NYK
Jack White,whiteja03,MEM
Lindell Wigginton,wiggili01,MIL
Frank Ntilikina,ntilila01,CHO
Alondes Williams,willial06,MIA
Izaiah Brockington,brockiz01,NOP
Kevon Harris,harrike01,ORL
Ty Jerome,jeromty01,CLE
E.J. Liddell,liddeej01,NOP
Pat Spencer,spencpa01,GSW
Adam Flagler,flaglad01,OKC
Usman Garuba,garubus01,GSW
Dariq Whitehead,whiteda01,BRK
Pete Nance,nancepe01,CLE
Filip Petrušev,petrufi01,2TM
Filip Petrušev,petrufi01,PHI
Filip Petrušev,petrufi01,SAC
Hamidou Diallo,diallha01,WAS
Shaquille Harrison,harrish01,MEM
Quenton Jackson,jacksqu01,IND
Markquis Nowell,nowelma01,TOR
Joshua Primo,primojo01,LAC
Isaiah Wong,wongis01,IND
Ryan Arcidiacono,arcidry01,NYK
Malcolm Cazalon,cazalma01,DET
Jalen Crutcher,crutcja01,NOP
Andrew Funk,funkan01,CHI
Kaiser Gates,gateska01,NOP
Danny Green,greenda02,PHI
Ron Harper Jr.,harpero02,TOR
Justin Jackson,jacksju01,MIN
Dmytro Skapintsev,skapidm01,NYK
Javonte Smart,smartja01,PHI
